uri,domain,notation,label
http://codes.wmo.int/wmdr/ObservedVariableAtmosphere/39,ObservedVariableAtmosphere,39,Atmospheric density
http://codes.wmo.int/wmdr/ObservedVariableAtmosphere/44,ObservedVariableAtmosphere,44,Integrated air samples
http://codes.wmo.int/wmdr/ObservedVariableAtmosphere/56,ObservedVariableAtmosphere,56,Special phenomena
http://codes.wmo.int/wmdr/ObservedVariableAtmosphere/57,ObservedVariableAtmosphere,57,State of ground
http://codes.wmo.int/wmdr/ObservedVariableAtmosphere/179,ObservedVariableAtmosphere,179,Cloud amount
http://codes.wmo.int/wmdr/ObservedVariableAtmosphere/180,ObservedVariableAtmosphere,180,Cloud cover
http://codes.wmo.int/wmdr/ObservedVariableAtmosphere/181,ObservedVariableAtmosphere,181,Cloud drop effective radius
http://codes.wmo.int/wmdr/ObservedVariableAtmosphere/182,ObservedVariableAtmosphere,182,Cloud hydrometeor concentration
http://codes.wmo.int/wmdr/ObservedVariableAtmosphere/183,ObservedVariableAtmosphere,183,Effective radius of cloud hydrometeors
http://codes.wmo.int/wmdr/ObservedVariableAtmosphere/186,ObservedVariableAtmosphere,186,Melting layer depth in clouds
http://codes.wmo.int/wmdr/ObservedVariableAtmosphere/188,ObservedVariableAtmosphere,188,PSC occurrence
http://codes.wmo.int/wmdr/ObservedVariableAtmosphere/192,ObservedVariableAtmosphere,192,CH4 (methane)
http://codes.wmo.int/wmdr/ObservedVariableAtmosphere/193,ObservedVariableAtmosphere,193,"CH4 (methane, C-13)"
http://codes.wmo.int/wmdr/ObservedVariableAtmosphere/194,ObservedVariableAtmosphere,194,CO2 (carbon dioxide)
http://codes.wmo.int/wmdr/ObservedVariableAtmosphere/195,ObservedVariableAtmosphere,195,"CO2 (carbon dioxide, C-13)"
http://codes.wmo.int/wmdr/ObservedVariableAtmosphere/196,ObservedVariableAtmosphere,196,CO2 [O-18]
http://codes.wmo.int/wmdr/ObservedVariableAtmosphere/201,ObservedVariableAtmosphere,201,N2O (nitrous oxide)
http://codes.wmo.int/wmdr/ObservedVariableAtmosphere/203,ObservedVariableAtmosphere,203,SF6 (sulfur hexafluoride)
http://codes.wmo.int/wmdr/ObservedVariableAtmosphere/204,ObservedVariableAtmosphere,204,SO2F2 (sulfuryl fluoride)
http://codes.wmo.int/wmdr/ObservedVariableAtmosphere/205,ObservedVariableAtmosphere,205,H2 (hydrogen molecule)
http://codes.wmo.int/wmdr/ObservedVariableAtmosphere/206,ObservedVariableAtmosphere,206,H2O (as a chemical species)
http://codes.wmo.int/wmdr/ObservedVariableAtmosphere/207,ObservedVariableAtmosphere,207,HDO (as a chemical species)
http://codes.wmo.int/wmdr/ObservedVariableAtmosphere/210,ObservedVariableAtmosphere,210,Amount of precipitation
http://codes.wmo.int/wmdr/ObservedVariableAtmosphere/211,ObservedVariableAtmosphere,211,Duration of precipitation
http://codes.wmo.int/wmdr/ObservedVariableAtmosphere/212,ObservedVariableAtmosphere,212,Intensity of precipitation
http://codes.wmo.int/wmdr/ObservedVariableAtmosphere/213,ObservedVariableAtmosphere,213,Occurrence of precipitation during last period (yes/no)
http://codes.wmo.int/wmdr/ObservedVariableAtmosphere/214,ObservedVariableAtmosphere,214,Rate of ice accretion
http://codes.wmo.int/wmdr/ObservedVariableAtmosphere/215,ObservedVariableAtmosphere,215,Type of precipitation
http://codes.wmo.int/wmdr/ObservedVariableAtmosphere/216,ObservedVariableAtmosphere,216,Atmospheric pressure
http://codes.wmo.int/wmdr/ObservedVariableAtmosphere/217,ObservedVariableAtmosphere,217,Characteristic of pressure tendency
http://codes.wmo.int/wmdr/ObservedVariableAtmosphere/218,ObservedVariableAtmosphere,218,Pressure tendency
http://codes.wmo.int/wmdr/ObservedVariableAtmosphere/219,ObservedVariableAtmosphere,219,Beryllium [Be-7]
http://codes.wmo.int/wmdr/ObservedVariableAtmosphere/220,ObservedVariableAtmosphere,220,CO2 [C-14]
http://codes.wmo.int/wmdr/ObservedVariableAtmosphere/221,ObservedVariableAtmosphere,221,Krypton [Kr-85]
http://codes.wmo.int/wmdr/ObservedVariableAtmosphere/222,ObservedVariableAtmosphere,222,Lead [Pb-210]
http://codes.wmo.int/wmdr/ObservedVariableAtmosphere/223,ObservedVariableAtmosphere,223,Radon [Rn-222]
http://codes.wmo.int/wmdr/ObservedVariableAtmosphere/225,ObservedVariableAtmosphere,225,Dew-point temperature (at specified distance from reference surface)
http://codes.wmo.int/wmdr/ObservedVariableAtmosphere/226,ObservedVariableAtmosphere,226,"Extreme temperature (min, max) (at specified distance from reference surface)"
http://codes.wmo.int/wmdr/ObservedVariableAtmosphere/229,ObservedVariableAtmosphere,229,Runway visual range
http://codes.wmo.int/wmdr/ObservedVariableAtmosphere/230,ObservedVariableAtmosphere,230,Visibility
http://codes.wmo.int/wmdr/ObservedVariableAtmosphere/248,ObservedVariableAtmosphere,248,"Transport calculations (e.g., trajectories)"
http://codes.wmo.int/wmdr/ObservedVariableAtmosphere/249,ObservedVariableAtmosphere,249,Turbulence
http://codes.wmo.int/wmdr/ObservedVariableAtmosphere/250,ObservedVariableAtmosphere,250,Turbulence type (low levels and wake vortex)
http://codes.wmo.int/wmdr/ObservedVariableAtmosphere/252,ObservedVariableAtmosphere,252,Integrated water vapour
http://codes.wmo.int/wmdr/ObservedVariableAtmosphere/253,ObservedVariableAtmosphere,253,Mass mixing ratio
http://codes.wmo.int/wmdr/ObservedVariableAtmosphere/254,ObservedVariableAtmosphere,254,Object wetness duration
http://codes.wmo.int/wmdr/ObservedVariableAtmosphere/255,ObservedVariableAtmosphere,255,Water vapour pressure
http://codes.wmo.int/wmdr/ObservedVariableAtmosphere/257,ObservedVariableAtmosphere,257,Lightning discharge current
http://codes.wmo.int/wmdr/ObservedVariableAtmosphere/258,ObservedVariableAtmosphere,258,Lightning discharge polarity
http://codes.wmo.int/wmdr/ObservedVariableAtmosphere/259,ObservedVariableAtmosphere,259,Lightning discharge rate
http://codes.wmo.int/wmdr/ObservedVariableAtmosphere/260,ObservedVariableAtmosphere,260,"Lightning discharge type (cloud to cloud, cloud to surface)"
http://codes.wmo.int/wmdr/ObservedVariableAtmosphere/265,ObservedVariableAtmosphere,265,Past weather
http://codes.wmo.int/wmdr/ObservedVariableAtmosphere/266,ObservedVariableAtmosphere,266,Present weather
http://codes.wmo.int/wmdr/ObservedVariableAtmosphere/267,ObservedVariableAtmosphere,267,Background luminance
http://codes.wmo.int/wmdr/ObservedVariableAtmosphere/270,ObservedVariableAtmosphere,270,Sunshine duration
http://codes.wmo.int/wmdr/ObservedVariableAtmosphere/271,ObservedVariableAtmosphere,271,Surface albedo
http://codes.wmo.int/wmdr/ObservedVariableAtmosphere/273,ObservedVariableAtmosphere,273,UV-B radiation
http://codes.wmo.int/wmdr/ObservedVariableAtmosphere/274,ObservedVariableAtmosphere,274,BrO (bromine monoxide)
http://codes.wmo.int/wmdr/ObservedVariableAtmosphere/275,ObservedVariableAtmosphere,275,C2Cl4 (tetrachloroethene)
http://codes.wmo.int/wmdr/ObservedVariableAtmosphere/276,ObservedVariableAtmosphere,276,C2HCl3 (trichloroethene)
http://codes.wmo.int/wmdr/ObservedVariableAtmosphere/277,ObservedVariableAtmosphere,277,CH2Br2 (dibromomethane)
http://codes.wmo.int/wmdr/ObservedVariableAtmosphere/278,ObservedVariableAtmosphere,278,CH2Cl2 (dichloromethane)
http://codes.wmo.int/wmdr/ObservedVariableAtmosphere/279,ObservedVariableAtmosphere,279,CH3Br (bromomethane)
http://codes.wmo.int/wmdr/ObservedVariableAtmosphere/280,ObservedVariableAtmosphere,280,CH3Cl (chloromethane)
http://codes.wmo.int/wmdr/ObservedVariableAtmosphere/281,ObservedVariableAtmosphere,281,CH3I (iodomethane)
http://codes.wmo.int/wmdr/ObservedVariableAtmosphere/282,ObservedVariableAtmosphere,282,CHBr3 (bromoform)
http://codes.wmo.int/wmdr/ObservedVariableAtmosphere/283,ObservedVariableAtmosphere,283,"CHCl3 (trichloromethane, chloroform)"
http://codes.wmo.int/wmdr/ObservedVariableAtmosphere/284,ObservedVariableAtmosphere,284,CO
http://codes.wmo.int/wmdr/ObservedVariableAtmosphere/285,ObservedVariableAtmosphere,285,"COF2 (difluoromethanal, carbonyl fluoride)"
http://codes.wmo.int/wmdr/ObservedVariableAtmosphere/286,ObservedVariableAtmosphere,286,ClO (chlorine monoxide)
http://codes.wmo.int/wmdr/ObservedVariableAtmosphere/287,ObservedVariableAtmosphere,287,H2O2 (hydrogen peroxide)
http://codes.wmo.int/wmdr/ObservedVariableAtmosphere/288,ObservedVariableAtmosphere,288,HCl (hydrochloric acid)
http://codes.wmo.int/wmdr/ObservedVariableAtmosphere/289,ObservedVariableAtmosphere,289,HF (hydrofluoric acid)
http://codes.wmo.int/wmdr/ObservedVariableAtmosphere/291,ObservedVariableAtmosphere,291,ROOH
http://codes.wmo.int/wmdr/ObservedVariableAtmosphere/294,ObservedVariableAtmosphere,294,Acidity-Alkalinity
http://codes.wmo.int/wmdr/ObservedVariableAtmosphere/295,ObservedVariableAtmosphere,295,Electric conductivity
http://codes.wmo.int/wmdr/ObservedVariableAtmosphere/296,ObservedVariableAtmosphere,296,Hydrogen ion (H+) or pH
http://codes.wmo.int/wmdr/ObservedVariableAtmosphere/302,ObservedVariableAtmosphere,302,S (sulfur)
http://codes.wmo.int/wmdr/ObservedVariableAtmosphere/304,ObservedVariableAtmosphere,304,Direction of cloud movement
http://codes.wmo.int/wmdr/ObservedVariableAtmosphere/305,ObservedVariableAtmosphere,305,Gust Speed
http://codes.wmo.int/wmdr/ObservedVariableAtmosphere/307,ObservedVariableAtmosphere,307,w (vertical component of wind vector)
http://codes.wmo.int/wmdr/ObservedVariableAtmosphere/310,ObservedVariableAtmosphere,310,"Upper wind (X, Y components, horizontal)"
http://codes.wmo.int/wmdr/ObservedVariableAtmosphere/314,ObservedVariableAtmosphere,314,Aerosol Absorption Optical Depth
http://codes.wmo.int/wmdr/ObservedVariableAtmosphere/315,ObservedVariableAtmosphere,315,Aerosol Extinction Coefficient
http://codes.wmo.int/wmdr/ObservedVariableAtmosphere/316,ObservedVariableAtmosphere,316,"Particle light absorption coefficient, PM1"
http://codes.wmo.int/wmdr/ObservedVariableAtmosphere/317,ObservedVariableAtmosphere,317,"Particle light absorption coefficient, PM10"
http://codes.wmo.int/wmdr/ObservedVariableAtmosphere/318,ObservedVariableAtmosphere,318,"Particle light absorption coefficient, TSP"
http://codes.wmo.int/wmdr/ObservedVariableAtmosphere/322,ObservedVariableAtmosphere,322,"Particle light scattering coefficient, PM1"
http://codes.wmo.int/wmdr/ObservedVariableAtmosphere/323,ObservedVariableAtmosphere,323,"Particle light scattering coefficient, PM10"
http://codes.wmo.int/wmdr/ObservedVariableAtmosphere/324,ObservedVariableAtmosphere,324,"Particle light scattering coefficient, TSP"
http://codes.wmo.int/wmdr/ObservedVariableAtmosphere/325,ObservedVariableAtmosphere,325,"Aerosol optical depth, TSP"
http://codes.wmo.int/wmdr/ObservedVariableAtmosphere/327,ObservedVariableAtmosphere,327,Cloud ice
http://codes.wmo.int/wmdr/ObservedVariableAtmosphere/329,ObservedVariableAtmosphere,329,Cloud ice effective radius
http://codes.wmo.int/wmdr/ObservedVariableAtmosphere/330,ObservedVariableAtmosphere,330,Freezing level height in clouds
http://codes.wmo.int/wmdr/ObservedVariableAtmosphere/331,ObservedVariableAtmosphere,331,Icing potential
http://codes.wmo.int/wmdr/ObservedVariableAtmosphere/332,ObservedVariableAtmosphere,332,CBrClF2 (Halon 1211)
http://codes.wmo.int/wmdr/ObservedVariableAtmosphere/333,ObservedVariableAtmosphere,333,"CBrF3 (bromotrifluoromethane, Halon 1301)"
http://codes.wmo.int/wmdr/ObservedVariableAtmosphere/334,ObservedVariableAtmosphere,334,"C13H10 (9H-fluorene, fluorene), in air"
http://codes.wmo.int/wmdr/ObservedVariableAtmosphere/335,ObservedVariableAtmosphere,335,"C14H10 (anthracene), PM10"
http://codes.wmo.int/wmdr/ObservedVariableAtmosphere/336,ObservedVariableAtmosphere,336,"C14H10 (anthracene), in aerosol"
http://codes.wmo.int/wmdr/ObservedVariableAtmosphere/337,ObservedVariableAtmosphere,337,"C14H10 (anthracene), in air and aerosol"
http://codes.wmo.int/wmdr/ObservedVariableAtmosphere/338,ObservedVariableAtmosphere,338,"C14H10 (anthracene), in air"
http://codes.wmo.int/wmdr/ObservedVariableAtmosphere/339,ObservedVariableAtmosphere,339,"C14H10 (phenanthrene), PM10"
http://codes.wmo.int/wmdr/ObservedVariableAtmosphere/340,ObservedVariableAtmosphere,340,"C14H10 (phenanthrene), in aerosol"
http://codes.wmo.int/wmdr/ObservedVariableAtmosphere/341,ObservedVariableAtmosphere,341,"C14H10 (phenanthrene), in air"
http://codes.wmo.int/wmdr/ObservedVariableAtmosphere/342,ObservedVariableAtmosphere,342,"C14H10 (phenanthrene), in air and aerosol"
http://codes.wmo.int/wmdr/ObservedVariableAtmosphere/343,ObservedVariableAtmosphere,343,"C14H10 (phenanthrene), in wet deposition"
http://codes.wmo.int/wmdr/ObservedVariableAtmosphere/344,ObservedVariableAtmosphere,344,"C14H10 (phenanthrene), in total precipitation"
http://codes.wmo.int/wmdr/ObservedVariableAtmosphere/345,ObservedVariableAtmosphere,345,"C16H10 (pyrene), in air and aerosol"
http://codes.wmo.int/wmdr/ObservedVariableAtmosphere/346,ObservedVariableAtmosphere,346,"C18H12 (benz(a)anthracene), PM10"
http://codes.wmo.int/wmdr/ObservedVariableAtmosphere/347,ObservedVariableAtmosphere,347,"C18H12 (benz(a)anthracene), in aerosol"
http://codes.wmo.int/wmdr/ObservedVariableAtmosphere/348,ObservedVariableAtmosphere,348,"C18H12 (benz(a)anthracene), in air"
http://codes.wmo.int/wmdr/ObservedVariableAtmosphere/349,ObservedVariableAtmosphere,349,"C18H12 (benz(a)anthracene), in air and aerosol"
http://codes.wmo.int/wmdr/ObservedVariableAtmosphere/350,ObservedVariableAtmosphere,350,"C18H12 (benz(a)anthracene), in precipitation"
http://codes.wmo.int/wmdr/ObservedVariableAtmosphere/351,ObservedVariableAtmosphere,351,"C18H12 (benz(a)anthracene), in total precipitation"
http://codes.wmo.int/wmdr/ObservedVariableAtmosphere/356,ObservedVariableAtmosphere,356,UV Broadband radiation
http://codes.wmo.int/wmdr/ObservedVariableAtmosphere/357,ObservedVariableAtmosphere,357,UV Erythemal radiation
http://codes.wmo.int/wmdr/ObservedVariableAtmosphere/358,ObservedVariableAtmosphere,358,UV Multiband radiation
http://codes.wmo.int/wmdr/ObservedVariableAtmosphere/359,ObservedVariableAtmosphere,359,UV Spectral radiation
http://codes.wmo.int/wmdr/ObservedVariableAtmosphere/361,ObservedVariableAtmosphere,361,Aerosol column burden (mass density)
http://codes.wmo.int/wmdr/ObservedVariableAtmosphere/362,ObservedVariableAtmosphere,362,Particle effective radius
http://codes.wmo.int/wmdr/ObservedVariableAtmosphere/364,ObservedVariableAtmosphere,364,"Particle mass concentration, PM10"
http://codes.wmo.int/wmdr/ObservedVariableAtmosphere/365,ObservedVariableAtmosphere,365,"Particle mass concentration, PM1"
http://codes.wmo.int/wmdr/ObservedVariableAtmosphere/366,ObservedVariableAtmosphere,366,"Particle mass concentration, PM2.5"
http://codes.wmo.int/wmdr/ObservedVariableAtmosphere/367,ObservedVariableAtmosphere,367,Particle mass concentration (size fractionated)
http://codes.wmo.int/wmdr/ObservedVariableAtmosphere/368,ObservedVariableAtmosphere,368,"Particle mass concentration, TSP"
http://codes.wmo.int/wmdr/ObservedVariableAtmosphere/369,ObservedVariableAtmosphere,369,Particle number concentration
http://codes.wmo.int/wmdr/ObservedVariableAtmosphere/370,ObservedVariableAtmosphere,370,"Particle number size distribution, PM10"
http://codes.wmo.int/wmdr/ObservedVariableAtmosphere/371,ObservedVariableAtmosphere,371,"Particle number size distribution, TSP"
http://codes.wmo.int/wmdr/ObservedVariableAtmosphere/373,ObservedVariableAtmosphere,373,Cloud liquid water (CLW)
http://codes.wmo.int/wmdr/ObservedVariableAtmosphere/375,ObservedVariableAtmosphere,375,"C12H8Cl6 (aldrin), in aerosol"
http://codes.wmo.int/wmdr/ObservedVariableAtmosphere/376,ObservedVariableAtmosphere,376,"C12H8Cl6 (aldrin), in air"
http://codes.wmo.int/wmdr/ObservedVariableAtmosphere/377,ObservedVariableAtmosphere,377,"C12H8Cl6 (aldrin), in air and aerosol"
http://codes.wmo.int/wmdr/ObservedVariableAtmosphere/378,ObservedVariableAtmosphere,378,"C12H8Cl6 (aldrin), in total precipitation"
http://codes.wmo.int/wmdr/ObservedVariableAtmosphere/379,ObservedVariableAtmosphere,379,"C12H8Cl6 (aldrin), in wet precipitation"
http://codes.wmo.int/wmdr/ObservedVariableAtmosphere/380,ObservedVariableAtmosphere,380,"C6Cl6 (hexachlorobenzene, HCB), in air"
http://codes.wmo.int/wmdr/ObservedVariableAtmosphere/381,ObservedVariableAtmosphere,381,"C6H6Cl6 (1,2,3,4,5,6-hexachlorocyclohexane, alpha-lindane, alpha-HCH), in aerosol"
http://codes.wmo.int/wmdr/ObservedVariableAtmosphere/382,ObservedVariableAtmosphere,382,"C6H6Cl6 (1,2,3,4,5,6-hexachlorocyclohexane, alpha-lindane, alpha-HCH), in air"
http://codes.wmo.int/wmdr/ObservedVariableAtmosphere/383,ObservedVariableAtmosphere,383,"C6H6Cl6 (1,2,3,4,5,6-hexachlorocyclohexane, alpha-lindane, alpha-HCH), in wet precipitation"
http://codes.wmo.int/wmdr/ObservedVariableAtmosphere/384,ObservedVariableAtmosphere,384,"C6H6Cl6 (1,2,3,4,5,6-hexachlorocyclohexane, gamma-lindane, gamma-HCH), in air"
http://codes.wmo.int/wmdr/ObservedVariableAtmosphere/385,ObservedVariableAtmosphere,385,"C6H6Cl6 (1,2,3,4,5,6-hexachlorocyclohexane, gamma-lindane, gamma-HCH), in wet precipitation"
http://codes.wmo.int/wmdr/ObservedVariableAtmosphere/390,ObservedVariableAtmosphere,390,NH3 (Ammonia)
http://codes.wmo.int/wmdr/ObservedVariableAtmosphere/391,ObservedVariableAtmosphere,391,"C2H3O5N (peroxyacetylnitrate, PAN)"
http://codes.wmo.int/wmdr/ObservedVariableAtmosphere/392,ObservedVariableAtmosphere,392,ClONO2 (chlorine nitrate)
http://codes.wmo.int/wmdr/ObservedVariableAtmosphere/393,ObservedVariableAtmosphere,393,"HCN (formonitrile, hydrogen cyanide)"
http://codes.wmo.int/wmdr/ObservedVariableAtmosphere/394,ObservedVariableAtmosphere,394,HNO3 (nitric acid)
http://codes.wmo.int/wmdr/ObservedVariableAtmosphere/395,ObservedVariableAtmosphere,395,NO (nitrogen monoxide)
http://codes.wmo.int/wmdr/ObservedVariableAtmosphere/396,ObservedVariableAtmosphere,396,NO2 (nitrogen dioxide)
http://codes.wmo.int/wmdr/ObservedVariableAtmosphere/397,ObservedVariableAtmosphere,397,NOx
http://codes.wmo.int/wmdr/ObservedVariableAtmosphere/398,ObservedVariableAtmosphere,398,NOy
http://codes.wmo.int/wmdr/ObservedVariableAtmosphere/411,ObservedVariableAtmosphere,411,CCN concentration at single supersaturation
http://codes.wmo.int/wmdr/ObservedVariableAtmosphere/412,ObservedVariableAtmosphere,412,CCN concentration spectra
http://codes.wmo.int/wmdr/ObservedVariableAtmosphere/413,ObservedVariableAtmosphere,413,"Hygroscopic growth factor, 110 μm equivalent"
http://codes.wmo.int/wmdr/ObservedVariableAtmosphere/414,ObservedVariableAtmosphere,414,"Hygroscopic growth factor, 165 μm equivalent"
http://codes.wmo.int/wmdr/ObservedVariableAtmosphere/415,ObservedVariableAtmosphere,415,"Hygroscopic growth factor, 35 μm equivalent"
http://codes.wmo.int/wmdr/ObservedVariableAtmosphere/416,ObservedVariableAtmosphere,416,"Hygroscopic growth factor, 50 μm equivalent"
http://codes.wmo.int/wmdr/ObservedVariableAtmosphere/417,ObservedVariableAtmosphere,417,"Hygroscopic growth factor, 75 μm equivalent"
http://codes.wmo.int/wmdr/ObservedVariableAtmosphere/418,ObservedVariableAtmosphere,418,"Hygroscopic growth factor, total aerosol"
http://codes.wmo.int/wmdr/ObservedVariableAtmosphere/419,ObservedVariableAtmosphere,419,"C2F6 (hexafluoroethane, PFC-116)"
http://codes.wmo.int/wmdr/ObservedVariableAtmosphere/420,ObservedVariableAtmosphere,420,"C3F8 (octafluoropropane, PFC-218)"
http://codes.wmo.int/wmdr/ObservedVariableAtmosphere/421,ObservedVariableAtmosphere,421,"CF4 (tetrafluoromethane, carbon tetrafluoride, perfluoromethane, PFC-14)"
http://codes.wmo.int/wmdr/ObservedVariableAtmosphere/428,ObservedVariableAtmosphere,428,"COS (OCS, carbon oxide sulfide, carbonyl sulfide)"
http://codes.wmo.int/wmdr/ObservedVariableAtmosphere/429,ObservedVariableAtmosphere,429,CS2 (carbon disulfide)
http://codes.wmo.int/wmdr/ObservedVariableAtmosphere/430,ObservedVariableAtmosphere,430,SO2
http://codes.wmo.int/wmdr/ObservedVariableAtmosphere/431,ObservedVariableAtmosphere,431,Lightning detection (time and location)
http://codes.wmo.int/wmdr/ObservedVariableAtmosphere/432,ObservedVariableAtmosphere,432,Lightning discharge direction from station
http://codes.wmo.int/wmdr/ObservedVariableAtmosphere/433,ObservedVariableAtmosphere,433,Lightning discharge distance from station
http://codes.wmo.int/wmdr/ObservedVariableAtmosphere/434,ObservedVariableAtmosphere,434,"C2H2 (ethyne, acetylene)"
http://codes.wmo.int/wmdr/ObservedVariableAtmosphere/435,ObservedVariableAtmosphere,435,"C2H2O2 (oxaldehyde, ethanedial)"
http://codes.wmo.int/wmdr/ObservedVariableAtmosphere/436,ObservedVariableAtmosphere,436,C2H4 (ethene)
http://codes.wmo.int/wmdr/ObservedVariableAtmosphere/437,ObservedVariableAtmosphere,437,C2H6 (ethane)
http://codes.wmo.int/wmdr/ObservedVariableAtmosphere/438,ObservedVariableAtmosphere,438,"C2H6S (dimethylsulfide, DMS)"
http://codes.wmo.int/wmdr/ObservedVariableAtmosphere/439,ObservedVariableAtmosphere,439,C3H4 (propyne)
http://codes.wmo.int/wmdr/ObservedVariableAtmosphere/440,ObservedVariableAtmosphere,440,"C3H4O (prop-2-enal, acrolein)"
http://codes.wmo.int/wmdr/ObservedVariableAtmosphere/441,ObservedVariableAtmosphere,441,"C3H4O2 (2-oxopropanal, methylglyoxal)"
http://codes.wmo.int/wmdr/ObservedVariableAtmosphere/442,ObservedVariableAtmosphere,442,C3H6 (propene)
http://codes.wmo.int/wmdr/ObservedVariableAtmosphere/443,ObservedVariableAtmosphere,443,"C3H6O (acetone, propanone)"
http://codes.wmo.int/wmdr/ObservedVariableAtmosphere/444,ObservedVariableAtmosphere,444,C3H6O (propanal)
http://codes.wmo.int/wmdr/ObservedVariableAtmosphere/445,ObservedVariableAtmosphere,445,C3H8 (propane)
http://codes.wmo.int/wmdr/ObservedVariableAtmosphere/446,ObservedVariableAtmosphere,446,"C4H6 (1,3-butadiene, butadiene)"
http://codes.wmo.int/wmdr/ObservedVariableAtmosphere/447,ObservedVariableAtmosphere,447,"C4H6O (2-methylprop-2-enal, methacrolein)"
http://codes.wmo.int/wmdr/ObservedVariableAtmosphere/448,ObservedVariableAtmosphere,448,"C4H6O (but-3-en-2-one, methylvinylketone)"
http://codes.wmo.int/wmdr/ObservedVariableAtmosphere/449,ObservedVariableAtmosphere,449,C4H8 (1-butene)
http://codes.wmo.int/wmdr/ObservedVariableAtmosphere/450,ObservedVariableAtmosphere,450,C4H8 (sum of butenes)
http://codes.wmo.int/wmdr/ObservedVariableAtmosphere/451,ObservedVariableAtmosphere,451,"C4H8O (butan-2-one, methylethylketone)"
http://codes.wmo.int/wmdr/ObservedVariableAtmosphere/452,ObservedVariableAtmosphere,452,C4H8O (butanal isomers)
http://codes.wmo.int/wmdr/ObservedVariableAtmosphere/453,ObservedVariableAtmosphere,453,C5H10 (1-pentene)
http://codes.wmo.int/wmdr/ObservedVariableAtmosphere/454,ObservedVariableAtmosphere,454,C5H10 (2-methyl-1-butene)
http://codes.wmo.int/wmdr/ObservedVariableAtmosphere/455,ObservedVariableAtmosphere,455,C5H10 (2-methyl-2-butene)
http://codes.wmo.int/wmdr/ObservedVariableAtmosphere/456,ObservedVariableAtmosphere,456,C5H10 (3-methyl-1-butene)
http://codes.wmo.int/wmdr/ObservedVariableAtmosphere/457,ObservedVariableAtmosphere,457,C5H10 (cyclopentane)
http://codes.wmo.int/wmdr/ObservedVariableAtmosphere/458,ObservedVariableAtmosphere,458,C5H10 (sum of 1-pentene and 2-methyl-2-butene)
http://codes.wmo.int/wmdr/ObservedVariableAtmosphere/459,ObservedVariableAtmosphere,459,C5H10 (sum of pentenes)
http://codes.wmo.int/wmdr/ObservedVariableAtmosphere/460,ObservedVariableAtmosphere,460,"C5H10O (pentanal, valeraldehyde)"
http://codes.wmo.int/wmdr/ObservedVariableAtmosphere/461,ObservedVariableAtmosphere,461,"C5H12 & C4H8 (sum of 2,2-dimethylpropane & c-2-butene)"
http://codes.wmo.int/wmdr/ObservedVariableAtmosphere/462,ObservedVariableAtmosphere,462,"C5H12 (2,2-dimethylpropane)"
http://codes.wmo.int/wmdr/ObservedVariableAtmosphere/463,ObservedVariableAtmosphere,463,"C5H14 (2,3-dimethylbutane)"
http://codes.wmo.int/wmdr/ObservedVariableAtmosphere/464,ObservedVariableAtmosphere,464,"C5H8 (2-methyl-1,3-butadiene, isoprene)"
http://codes.wmo.int/wmdr/ObservedVariableAtmosphere/465,ObservedVariableAtmosphere,465,C5H8 (cyclopentene)
http://codes.wmo.int/wmdr/ObservedVariableAtmosphere/466,ObservedVariableAtmosphere,466,"C5Hn, n=10 (sum of 3-methyl-1-butene and cyclopentene)"
http://codes.wmo.int/wmdr/ObservedVariableAtmosphere/467,ObservedVariableAtmosphere,467,"C5Hn, n={12, 10} (sum of n-pentane and cyclopentane)"
http://codes.wmo.int/wmdr/ObservedVariableAtmosphere/468,ObservedVariableAtmosphere,468,C6H12 (cyclohexane)
http://codes.wmo.int/wmdr/ObservedVariableAtmosphere/469,ObservedVariableAtmosphere,469,C6H12 (methylcyclopentane)
http://codes.wmo.int/wmdr/ObservedVariableAtmosphere/470,ObservedVariableAtmosphere,470,C6H12O (hexanal isomers)
http://codes.wmo.int/wmdr/ObservedVariableAtmosphere/471,ObservedVariableAtmosphere,471,"C6H14 (2,2-dimethylbutane)"
http://codes.wmo.int/wmdr/ObservedVariableAtmosphere/472,ObservedVariableAtmosphere,472,C6H14 (2-methylpentane)
http://codes.wmo.int/wmdr/ObservedVariableAtmosphere/473,ObservedVariableAtmosphere,473,C6H14 (3-methylpentane)
http://codes.wmo.int/wmdr/ObservedVariableAtmosphere/474,ObservedVariableAtmosphere,474,C6H14 (n-hexane)
http://codes.wmo.int/wmdr/ObservedVariableAtmosphere/475,ObservedVariableAtmosphere,475,C6H14 (sum of methylpentanes)
http://codes.wmo.int/wmdr/ObservedVariableAtmosphere/476,ObservedVariableAtmosphere,476,C6H6 (benzene)
http://codes.wmo.int/wmdr/ObservedVariableAtmosphere/477,ObservedVariableAtmosphere,477,"C6Hn, n={14, 12} (sum of 3-methylpentane and cyclohexane)"
http://codes.wmo.int/wmdr/ObservedVariableAtmosphere/478,ObservedVariableAtmosphere,478,"C6Hn, n={14, 12} (sum of 2,2-dimethylbutane and methylcyclopentane)"
http://codes.wmo.int/wmdr/ObservedVariableAtmosphere/479,ObservedVariableAtmosphere,479,"C6Hn, n={14, 12} (sum of 2,3-dimethylbutane and methylcyclopentane)"
http://codes.wmo.int/wmdr/ObservedVariableAtmosphere/480,ObservedVariableAtmosphere,480,C7H16 (sum of methylhexanes)
http://codes.wmo.int/wmdr/ObservedVariableAtmosphere/481,ObservedVariableAtmosphere,481,C7H6O (benzene carbaldehyde)
http://codes.wmo.int/wmdr/ObservedVariableAtmosphere/482,ObservedVariableAtmosphere,482,C7H8 (toluene)
http://codes.wmo.int/wmdr/ObservedVariableAtmosphere/483,ObservedVariableAtmosphere,483,C8H10 (ethylbenzene)
http://codes.wmo.int/wmdr/ObservedVariableAtmosphere/484,ObservedVariableAtmosphere,484,C8H10 (m-xylene)
http://codes.wmo.int/wmdr/ObservedVariableAtmosphere/485,ObservedVariableAtmosphere,485,C8H10 (o-xylene)
http://codes.wmo.int/wmdr/ObservedVariableAtmosphere/486,ObservedVariableAtmosphere,486,"C8H10 (Sum of p-xylene and m-xylene, 1,3- and 1,4-dimethylbenzene)"
http://codes.wmo.int/wmdr/ObservedVariableAtmosphere/487,ObservedVariableAtmosphere,487,"C9H12 (1,2,4-trimethylbenzene)"
http://codes.wmo.int/wmdr/ObservedVariableAtmosphere/488,ObservedVariableAtmosphere,488,"C9H12 (1,3,5-trimethylbenzene)"
http://codes.wmo.int/wmdr/ObservedVariableAtmosphere/489,ObservedVariableAtmosphere,489,"CH2O (methanal, formaldehyde)"
http://codes.wmo.int/wmdr/ObservedVariableAtmosphere/490,ObservedVariableAtmosphere,490,CH3CH2OH (ethanol)
http://codes.wmo.int/wmdr/ObservedVariableAtmosphere/491,ObservedVariableAtmosphere,491,"CH3CHO (acetaldehyde, ethanal)"
http://codes.wmo.int/wmdr/ObservedVariableAtmosphere/492,ObservedVariableAtmosphere,492,CH3CN (acetonitrile)
http://codes.wmo.int/wmdr/ObservedVariableAtmosphere/493,ObservedVariableAtmosphere,493,CH3OH (methanol)
http://codes.wmo.int/wmdr/ObservedVariableAtmosphere/494,ObservedVariableAtmosphere,494,NMHC
http://codes.wmo.int/wmdr/ObservedVariableAtmosphere/495,ObservedVariableAtmosphere,495,c-C4H8 (cis-2-butene)
http://codes.wmo.int/wmdr/ObservedVariableAtmosphere/496,ObservedVariableAtmosphere,496,c-C5H10 (cis-2-pentene)
http://codes.wmo.int/wmdr/ObservedVariableAtmosphere/497,ObservedVariableAtmosphere,497,"i-C4H10 (2-methylpropane, iso-butane)"
http://codes.wmo.int/wmdr/ObservedVariableAtmosphere/498,ObservedVariableAtmosphere,498,"i-C4H8 (2-methylpropene, iso-butene)"
http://codes.wmo.int/wmdr/ObservedVariableAtmosphere/499,ObservedVariableAtmosphere,499,"i-C5H12 (2-methylbutane, iso-pentane)"
http://codes.wmo.int/wmdr/ObservedVariableAtmosphere/500,ObservedVariableAtmosphere,500,"i-C7H16 (2-methylhexane, isoheptane)"
http://codes.wmo.int/wmdr/ObservedVariableAtmosphere/501,ObservedVariableAtmosphere,501,n-C4H10 (n-butane)
http://codes.wmo.int/wmdr/ObservedVariableAtmosphere/502,ObservedVariableAtmosphere,502,n-C5H12 (n-pentane)
http://codes.wmo.int/wmdr/ObservedVariableAtmosphere/503,ObservedVariableAtmosphere,503,n-C7H16 (n-heptane)
http://codes.wmo.int/wmdr/ObservedVariableAtmosphere/504,ObservedVariableAtmosphere,504,t-C4H8 (trans-2-butene)
http://codes.wmo.int/wmdr/ObservedVariableAtmosphere/505,ObservedVariableAtmosphere,505,t-C5H10 (trans-2-pentene)
http://codes.wmo.int/wmdr/ObservedVariableAtmosphere/506,ObservedVariableAtmosphere,506,Cloud optical depth
http://codes.wmo.int/wmdr/ObservedVariableAtmosphere/507,ObservedVariableAtmosphere,507,Optical depth of fog
http://codes.wmo.int/wmdr/ObservedVariableAtmosphere/508,ObservedVariableAtmosphere,508,Optical depth within a cloud layer
http://codes.wmo.int/wmdr/ObservedVariableAtmosphere/509,ObservedVariableAtmosphere,509,Short-wave cloud reflectance
http://codes.wmo.int/wmdr/ObservedVariableAtmosphere/521,ObservedVariableAtmosphere,521,Extinction coefficient
http://codes.wmo.int/wmdr/ObservedVariableAtmosphere/522,ObservedVariableAtmosphere,522,Hydrometeor radius
http://codes.wmo.int/wmdr/ObservedVariableAtmosphere/523,ObservedVariableAtmosphere,523,Hydrometeor type
http://codes.wmo.int/wmdr/ObservedVariableAtmosphere/524,ObservedVariableAtmosphere,524,Lithometeor type
http://codes.wmo.int/wmdr/ObservedVariableAtmosphere/525,ObservedVariableAtmosphere,525,Meteorological Optical Range
http://codes.wmo.int/wmdr/ObservedVariableAtmosphere/526,ObservedVariableAtmosphere,526,Obscuration type
http://codes.wmo.int/wmdr/ObservedVariableAtmosphere/529,ObservedVariableAtmosphere,529,Strong acids
http://codes.wmo.int/wmdr/ObservedVariableAtmosphere/531,ObservedVariableAtmosphere,531,Cloud base height
http://codes.wmo.int/wmdr/ObservedVariableAtmosphere/532,ObservedVariableAtmosphere,532,Cloud top height
http://codes.wmo.int/wmdr/ObservedVariableAtmosphere/533,ObservedVariableAtmosphere,533,Height of inversion
http://codes.wmo.int/wmdr/ObservedVariableAtmosphere/534,ObservedVariableAtmosphere,534,"C2H3Cl2F (1,1-dichloro-1-fluoroethane, HCFC-141b)"
http://codes.wmo.int/wmdr/ObservedVariableAtmosphere/535,ObservedVariableAtmosphere,535,"C2H3ClF2 (1-chloro-1,1-difluoroethane, HCFC-142b)"
http://codes.wmo.int/wmdr/ObservedVariableAtmosphere/536,ObservedVariableAtmosphere,536,"C2H3F3 (1,1,1-trifluoroethane, HFC-143a)"
http://codes.wmo.int/wmdr/ObservedVariableAtmosphere/537,ObservedVariableAtmosphere,537,"CHClF2 (chlorodifluoromethane, HCFC-22)"
http://codes.wmo.int/wmdr/ObservedVariableAtmosphere/538,ObservedVariableAtmosphere,538,Br- (bromide)
http://codes.wmo.int/wmdr/ObservedVariableAtmosphere/539,ObservedVariableAtmosphere,539,Cl- (chloride)
http://codes.wmo.int/wmdr/ObservedVariableAtmosphere/540,ObservedVariableAtmosphere,540,F- (fluoride)
http://codes.wmo.int/wmdr/ObservedVariableAtmosphere/541,ObservedVariableAtmosphere,541,I- (iodide)
http://codes.wmo.int/wmdr/ObservedVariableAtmosphere/542,ObservedVariableAtmosphere,542,PO4--- (phosphate)
http://codes.wmo.int/wmdr/ObservedVariableAtmosphere/543,ObservedVariableAtmosphere,543,"SO4= (sulfate), corrected"
http://codes.wmo.int/wmdr/ObservedVariableAtmosphere/544,ObservedVariableAtmosphere,544,SO4= (sulfate)
http://codes.wmo.int/wmdr/ObservedVariableAtmosphere/545,ObservedVariableAtmosphere,545,Ca++ (calcium)
http://codes.wmo.int/wmdr/ObservedVariableAtmosphere/546,ObservedVariableAtmosphere,546,Mg++ (magnesium)
http://codes.wmo.int/wmdr/ObservedVariableAtmosphere/547,ObservedVariableAtmosphere,547,K+ (potassium)
http://codes.wmo.int/wmdr/ObservedVariableAtmosphere/548,ObservedVariableAtmosphere,548,Na+ (sodium)
http://codes.wmo.int/wmdr/ObservedVariableAtmosphere/550,ObservedVariableAtmosphere,550,Type of cloud
http://codes.wmo.int/wmdr/ObservedVariableAtmosphere/551,ObservedVariableAtmosphere,551,Type of high clouds
http://codes.wmo.int/wmdr/ObservedVariableAtmosphere/552,ObservedVariableAtmosphere,552,Type of low clouds
http://codes.wmo.int/wmdr/ObservedVariableAtmosphere/553,ObservedVariableAtmosphere,553,Type of middle clouds
http://codes.wmo.int/wmdr/ObservedVariableAtmosphere/554,ObservedVariableAtmosphere,554,"C2H2F4 (1,1,1,2-tetrafluoroethane, HFC-134a)"
http://codes.wmo.int/wmdr/ObservedVariableAtmosphere/555,ObservedVariableAtmosphere,555,"C2H4F2 (1,1-difluoroethane, HFC-152a)"
http://codes.wmo.int/wmdr/ObservedVariableAtmosphere/556,ObservedVariableAtmosphere,556,"C2HF5 (pentafluoroethane, HFC-125)"
http://codes.wmo.int/wmdr/ObservedVariableAtmosphere/557,ObservedVariableAtmosphere,557,"C3H2F6 (1,1,1,2,3,3-hexafluoropropane, HFC-236ea)"
http://codes.wmo.int/wmdr/ObservedVariableAtmosphere/558,ObservedVariableAtmosphere,558,"C3H3F5 (1,1,1,3,3-Pentafluoropropane, HFC-245fa)"
http://codes.wmo.int/wmdr/ObservedVariableAtmosphere/559,ObservedVariableAtmosphere,559,"C3HF7 (1,1,1,2,3,3,3-Heptafluoropropane, HFC-227ea)"
http://codes.wmo.int/wmdr/ObservedVariableAtmosphere/560,ObservedVariableAtmosphere,560,"C4H5F5 (1,1,1,3,3-pentafluorobutane, HFC-365mfc)"
http://codes.wmo.int/wmdr/ObservedVariableAtmosphere/561,ObservedVariableAtmosphere,561,"CH2F2 (difluoromethane, HFC-32)"
http://codes.wmo.int/wmdr/ObservedVariableAtmosphere/562,ObservedVariableAtmosphere,562,"CHF3 (trifluoromethane, HFC-23)"
http://codes.wmo.int/wmdr/ObservedVariableAtmosphere/565,ObservedVariableAtmosphere,565,Long-wave irradiance (direction unspecified)
http://codes.wmo.int/wmdr/ObservedVariableAtmosphere/566,ObservedVariableAtmosphere,566,Downward long-wave irradiance
http://codes.wmo.int/wmdr/ObservedVariableAtmosphere/567,ObservedVariableAtmosphere,567,Upward long-wave irradiance
http://codes.wmo.int/wmdr/ObservedVariableAtmosphere/568,ObservedVariableAtmosphere,568,NH4+ (ammonium)
http://codes.wmo.int/wmdr/ObservedVariableAtmosphere/569,ObservedVariableAtmosphere,569,NO3- (nitrate)
http://codes.wmo.int/wmdr/ObservedVariableAtmosphere/570,ObservedVariableAtmosphere,570,NO2- (nitrite)
http://codes.wmo.int/wmdr/ObservedVariableAtmosphere/571,ObservedVariableAtmosphere,571,Diffuse downward short-wave irradiance
http://codes.wmo.int/wmdr/ObservedVariableAtmosphere/572,ObservedVariableAtmosphere,572,Direct downward short-wave irradiance
http://codes.wmo.int/wmdr/ObservedVariableAtmosphere/573,ObservedVariableAtmosphere,573,Downward short-wave irradiance
http://codes.wmo.int/wmdr/ObservedVariableAtmosphere/574,ObservedVariableAtmosphere,574,Upward short-wave irradiance
http://codes.wmo.int/wmdr/ObservedVariableAtmosphere/576,ObservedVariableAtmosphere,576,CH3COO- (acetate)
http://codes.wmo.int/wmdr/ObservedVariableAtmosphere/577,ObservedVariableAtmosphere,577,HCOO- (formate)
http://codes.wmo.int/wmdr/ObservedVariableAtmosphere/578,ObservedVariableAtmosphere,578,C2H5COO- (propionate)
http://codes.wmo.int/wmdr/ObservedVariableAtmosphere/579,ObservedVariableAtmosphere,579,"Acidity-Alkalinity, TSP"
http://codes.wmo.int/wmdr/ObservedVariableAtmosphere/589,ObservedVariableAtmosphere,589,"C2Cl2F4 (1,2-dichlorotetrafluoroethane, CFC-114)"
http://codes.wmo.int/wmdr/ObservedVariableAtmosphere/590,ObservedVariableAtmosphere,590,"C2Cl3F3 (1,1,2-trichloro-1,2,2-trifluoroethane, CFC-113)"
http://codes.wmo.int/wmdr/ObservedVariableAtmosphere/591,ObservedVariableAtmosphere,591,"C2ClF5 (1-chloro-1,1,2,2,2-pentafluoroethane, CFC-115)"
http://codes.wmo.int/wmdr/ObservedVariableAtmosphere/592,ObservedVariableAtmosphere,592,"CCl2F2 (dichlorodifluoromethane, CFC-12)"
http://codes.wmo.int/wmdr/ObservedVariableAtmosphere/593,ObservedVariableAtmosphere,593,"CCl3F (trichlorofluoromethane, CFC-11)"
http://codes.wmo.int/wmdr/ObservedVariableAtmosphere/594,ObservedVariableAtmosphere,594,"CCl4 (tetrachloromethane, carbon tetrachloride)"
http://codes.wmo.int/wmdr/ObservedVariableAtmosphere/595,ObservedVariableAtmosphere,595,"CH3CCl3 (1,1,1-trichloroethane, methyl chloroform)"
http://codes.wmo.int/wmdr/ObservedVariableAtmosphere/597,ObservedVariableAtmosphere,597,Al (aluminium)
http://codes.wmo.int/wmdr/ObservedVariableAtmosphere/598,ObservedVariableAtmosphere,598,As (arsenic)
http://codes.wmo.int/wmdr/ObservedVariableAtmosphere/599,ObservedVariableAtmosphere,599,Cd (cadmium)
http://codes.wmo.int/wmdr/ObservedVariableAtmosphere/600,ObservedVariableAtmosphere,600,Cr (chromium)
http://codes.wmo.int/wmdr/ObservedVariableAtmosphere/601,ObservedVariableAtmosphere,601,Co (cobalt)
http://codes.wmo.int/wmdr/ObservedVariableAtmosphere/602,ObservedVariableAtmosphere,602,Cu (copper)
http://codes.wmo.int/wmdr/ObservedVariableAtmosphere/603,ObservedVariableAtmosphere,603,Fe (iron)
http://codes.wmo.int/wmdr/ObservedVariableAtmosphere/604,ObservedVariableAtmosphere,604,Pb (lead)
http://codes.wmo.int/wmdr/ObservedVariableAtmosphere/605,ObservedVariableAtmosphere,605,Mn (manganese)
http://codes.wmo.int/wmdr/ObservedVariableAtmosphere/606,ObservedVariableAtmosphere,606,Hg (mercury)
http://codes.wmo.int/wmdr/ObservedVariableAtmosphere/607,ObservedVariableAtmosphere,607,Ni (nickel)
http://codes.wmo.int/wmdr/ObservedVariableAtmosphere/608,ObservedVariableAtmosphere,608,V (vanadium)
http://codes.wmo.int/wmdr/ObservedVariableAtmosphere/609,ObservedVariableAtmosphere,609,Zn (zinc)
http://codes.wmo.int/wmdr/ObservedVariableAtmosphere/614,ObservedVariableAtmosphere,614,"Cl- (chloride), PM1"
http://codes.wmo.int/wmdr/ObservedVariableAtmosphere/615,ObservedVariableAtmosphere,615,"Cl- (chloride), PM10"
http://codes.wmo.int/wmdr/ObservedVariableAtmosphere/616,ObservedVariableAtmosphere,616,"Cl- (chloride), PM2.5"
http://codes.wmo.int/wmdr/ObservedVariableAtmosphere/617,ObservedVariableAtmosphere,617,"Cl- (chloride), TSP"
http://codes.wmo.int/wmdr/ObservedVariableAtmosphere/618,ObservedVariableAtmosphere,618,"F- (fluoride), TSP"
http://codes.wmo.int/wmdr/ObservedVariableAtmosphere/619,ObservedVariableAtmosphere,619,"SO4= (sulfate), corrected"
http://codes.wmo.int/wmdr/ObservedVariableAtmosphere/620,ObservedVariableAtmosphere,620,"SO4= (sulfate), TSP"
http://codes.wmo.int/wmdr/ObservedVariableAtmosphere/621,ObservedVariableAtmosphere,621,"SO4= (sulfate), PM10"
http://codes.wmo.int/wmdr/ObservedVariableAtmosphere/622,ObservedVariableAtmosphere,622,"SO4= (sulfate), PM2.5"
http://codes.wmo.int/wmdr/ObservedVariableAtmosphere/623,ObservedVariableAtmosphere,623,"Elemental carbon, PM10"
http://codes.wmo.int/wmdr/ObservedVariableAtmosphere/624,ObservedVariableAtmosphere,624,"Elemental carbon, PM1"
http://codes.wmo.int/wmdr/ObservedVariableAtmosphere/625,ObservedVariableAtmosphere,625,"Elemental carbon, PM2.5"
http://codes.wmo.int/wmdr/ObservedVariableAtmosphere/626,ObservedVariableAtmosphere,626,"Total carbon, PM10"
http://codes.wmo.int/wmdr/ObservedVariableAtmosphere/632,ObservedVariableAtmosphere,632,"Ca++ (calcium), PM10"
http://codes.wmo.int/wmdr/ObservedVariableAtmosphere/633,ObservedVariableAtmosphere,633,"Ca++ (calcium), PM2.5"
http://codes.wmo.int/wmdr/ObservedVariableAtmosphere/634,ObservedVariableAtmosphere,634,"Ca++ (calcium), TSP"
http://codes.wmo.int/wmdr/ObservedVariableAtmosphere/635,ObservedVariableAtmosphere,635,"Mg++ (magnesium), PM10"
http://codes.wmo.int/wmdr/ObservedVariableAtmosphere/636,ObservedVariableAtmosphere,636,"Mg++ (magnesium), PM2.5"
http://codes.wmo.int/wmdr/ObservedVariableAtmosphere/637,ObservedVariableAtmosphere,637,"Mg++ (magnesium), TSP"
http://codes.wmo.int/wmdr/ObservedVariableAtmosphere/638,ObservedVariableAtmosphere,638,"K+ (potassium), PM10"
http://codes.wmo.int/wmdr/ObservedVariableAtmosphere/639,ObservedVariableAtmosphere,639,"K+ (potassium), PM2.5"
http://codes.wmo.int/wmdr/ObservedVariableAtmosphere/640,ObservedVariableAtmosphere,640,"K+ (potassium), TSP"
http://codes.wmo.int/wmdr/ObservedVariableAtmosphere/641,ObservedVariableAtmosphere,641,"Na+ (sodium), PM10"
http://codes.wmo.int/wmdr/ObservedVariableAtmosphere/642,ObservedVariableAtmosphere,642,"Na+ (sodium), PM2.5"
http://codes.wmo.int/wmdr/ObservedVariableAtmosphere/643,ObservedVariableAtmosphere,643,"Na+ (sodium), TSP"
http://codes.wmo.int/wmdr/ObservedVariableAtmosphere/644,ObservedVariableAtmosphere,644,"NH3 (ammonia), PM2.5"
http://codes.wmo.int/wmdr/ObservedVariableAtmosphere/645,ObservedVariableAtmosphere,645,"NH4+ (ammonium), PM10"
http://codes.wmo.int/wmdr/ObservedVariableAtmosphere/646,ObservedVariableAtmosphere,646,"NH4+ (ammonium), PM2.5"
http://codes.wmo.int/wmdr/ObservedVariableAtmosphere/647,ObservedVariableAtmosphere,647,"NH4+ (ammonium), TSP"
http://codes.wmo.int/wmdr/ObservedVariableAtmosphere/648,ObservedVariableAtmosphere,648,"NH4NO4 (ammonium nitrate), TSP"
http://codes.wmo.int/wmdr/ObservedVariableAtmosphere/649,ObservedVariableAtmosphere,649,"NH4NO3 (ammonium nitrate), PM1"
http://codes.wmo.int/wmdr/ObservedVariableAtmosphere/650,ObservedVariableAtmosphere,650,"NO3- (nitrate), PM10"
http://codes.wmo.int/wmdr/ObservedVariableAtmosphere/651,ObservedVariableAtmosphere,651,"NO3- (nitrate), PM2.5"
http://codes.wmo.int/wmdr/ObservedVariableAtmosphere/652,ObservedVariableAtmosphere,652,"NO3- (nitrate), TSP"
http://codes.wmo.int/wmdr/ObservedVariableAtmosphere/653,ObservedVariableAtmosphere,653,"NO2- (nitrite), TSP"
http://codes.wmo.int/wmdr/ObservedVariableAtmosphere/654,ObservedVariableAtmosphere,654,Sum of NH3 (ammonia) and NH4+ (ammonium)
http://codes.wmo.int/wmdr/ObservedVariableAtmosphere/655,ObservedVariableAtmosphere,655,Sum of HNO3 (nitric acid) and NO3- (nitrate)
http://codes.wmo.int/wmdr/ObservedVariableAtmosphere/656,ObservedVariableAtmosphere,656,Major chemical components
http://codes.wmo.int/wmdr/ObservedVariableAtmosphere/657,ObservedVariableAtmosphere,657,"Major inorganic components, TSP"
http://codes.wmo.int/wmdr/ObservedVariableAtmosphere/658,ObservedVariableAtmosphere,658,"Major inorganic components, coarse"
http://codes.wmo.int/wmdr/ObservedVariableAtmosphere/659,ObservedVariableAtmosphere,659,"Major inorganic components, fine"
http://codes.wmo.int/wmdr/ObservedVariableAtmosphere/660,ObservedVariableAtmosphere,660,"Other chemical components, coarse"
http://codes.wmo.int/wmdr/ObservedVariableAtmosphere/661,ObservedVariableAtmosphere,661,"Other chemical components, fine"
http://codes.wmo.int/wmdr/ObservedVariableAtmosphere/662,ObservedVariableAtmosphere,662,"C2H3O2- (CH3COO-, acetate), PM1"
http://codes.wmo.int/wmdr/ObservedVariableAtmosphere/663,ObservedVariableAtmosphere,663,"C2H3O2- (CH3COO-, acetate)"
http://codes.wmo.int/wmdr/ObservedVariableAtmosphere/664,ObservedVariableAtmosphere,664,"C2O4= (oxalate, ethanedioate), PM1"
http://codes.wmo.int/wmdr/ObservedVariableAtmosphere/665,ObservedVariableAtmosphere,665,"C2O4= (oxalate, ethanedioate), PM10"
http://codes.wmo.int/wmdr/ObservedVariableAtmosphere/666,ObservedVariableAtmosphere,666,"C2O4= (oxalate, ethanedioate), TSP"
http://codes.wmo.int/wmdr/ObservedVariableAtmosphere/667,ObservedVariableAtmosphere,667,"CH3O3S- (methanesulfonate), PM1"
http://codes.wmo.int/wmdr/ObservedVariableAtmosphere/668,ObservedVariableAtmosphere,668,"CH3O3S- (methanesulfonate), TSP"
http://codes.wmo.int/wmdr/ObservedVariableAtmosphere/669,ObservedVariableAtmosphere,669,"CHO2- (HCOO-, formate)"
http://codes.wmo.int/wmdr/ObservedVariableAtmosphere/670,ObservedVariableAtmosphere,670,"Carbonaceous-organic material, PM10"
http://codes.wmo.int/wmdr/ObservedVariableAtmosphere/671,ObservedVariableAtmosphere,671,"Carbonaceous-organic material, fine"
http://codes.wmo.int/wmdr/ObservedVariableAtmosphere/672,ObservedVariableAtmosphere,672,"Ti (titanium), TSP"
http://codes.wmo.int/wmdr/ObservedVariableAtmosphere/673,ObservedVariableAtmosphere,673,"Al (aluminium), PM2.5"
http://codes.wmo.int/wmdr/ObservedVariableAtmosphere/674,ObservedVariableAtmosphere,674,"Al (aluminium), TSP"
http://codes.wmo.int/wmdr/ObservedVariableAtmosphere/675,ObservedVariableAtmosphere,675,"Sb (antimony), PM2.5"
http://codes.wmo.int/wmdr/ObservedVariableAtmosphere/676,ObservedVariableAtmosphere,676,"Sb (antimony), TSP"
http://codes.wmo.int/wmdr/ObservedVariableAtmosphere/677,ObservedVariableAtmosphere,677,"As (arsenic), PM10"
http://codes.wmo.int/wmdr/ObservedVariableAtmosphere/678,ObservedVariableAtmosphere,678,"As (arsenic), TSP"
http://codes.wmo.int/wmdr/ObservedVariableAtmosphere/679,ObservedVariableAtmosphere,679,"Ba (barium), PM2.5"
http://codes.wmo.int/wmdr/ObservedVariableAtmosphere/680,ObservedVariableAtmosphere,680,"Ba (barium), TSP"
http://codes.wmo.int/wmdr/ObservedVariableAtmosphere/681,ObservedVariableAtmosphere,681,"Bi (bismuth), PM2.5"
http://codes.wmo.int/wmdr/ObservedVariableAtmosphere/682,ObservedVariableAtmosphere,682,"Bi (bismuth), TSP"
http://codes.wmo.int/wmdr/ObservedVariableAtmosphere/683,ObservedVariableAtmosphere,683,"Cd (cadmium), PM1"
http://codes.wmo.int/wmdr/ObservedVariableAtmosphere/684,ObservedVariableAtmosphere,684,"Cd (cadmium), PM10"
http://codes.wmo.int/wmdr/ObservedVariableAtmosphere/685,ObservedVariableAtmosphere,685,"Cd (cadmium), PM2.5"
http://codes.wmo.int/wmdr/ObservedVariableAtmosphere/686,ObservedVariableAtmosphere,686,"Cd (cadmium), PM2.5 - PM10"
http://codes.wmo.int/wmdr/ObservedVariableAtmosphere/687,ObservedVariableAtmosphere,687,"Cd (cadmium), TSP"
http://codes.wmo.int/wmdr/ObservedVariableAtmosphere/688,ObservedVariableAtmosphere,688,"Ce (cerium), PM2.5"
http://codes.wmo.int/wmdr/ObservedVariableAtmosphere/689,ObservedVariableAtmosphere,689,"Ce (cerium), TSP"
http://codes.wmo.int/wmdr/ObservedVariableAtmosphere/690,ObservedVariableAtmosphere,690,"Cr (chromium), TSP"
http://codes.wmo.int/wmdr/ObservedVariableAtmosphere/691,ObservedVariableAtmosphere,691,"Co (cobalt), TSP"
http://codes.wmo.int/wmdr/ObservedVariableAtmosphere/692,ObservedVariableAtmosphere,692,"Cu (copper), PM10"
http://codes.wmo.int/wmdr/ObservedVariableAtmosphere/693,ObservedVariableAtmosphere,693,"Cu (copper), TSP"
http://codes.wmo.int/wmdr/ObservedVariableAtmosphere/694,ObservedVariableAtmosphere,694,"Fe (iron), TSP"
http://codes.wmo.int/wmdr/ObservedVariableAtmosphere/695,ObservedVariableAtmosphere,695,"La (lanthanum), PM2.5"
http://codes.wmo.int/wmdr/ObservedVariableAtmosphere/696,ObservedVariableAtmosphere,696,"La (lanthanum), TSP"
http://codes.wmo.int/wmdr/ObservedVariableAtmosphere/697,ObservedVariableAtmosphere,697,"Pb (lead), PM10"
http://codes.wmo.int/wmdr/ObservedVariableAtmosphere/698,ObservedVariableAtmosphere,698,"Pb (lead), TSP"
http://codes.wmo.int/wmdr/ObservedVariableAtmosphere/699,ObservedVariableAtmosphere,699,"Li (lithium), PM2.5"
http://codes.wmo.int/wmdr/ObservedVariableAtmosphere/700,ObservedVariableAtmosphere,700,"Li (lithium), TSP"
http://codes.wmo.int/wmdr/ObservedVariableAtmosphere/701,ObservedVariableAtmosphere,701,"Mn (manganese), PM10"
http://codes.wmo.int/wmdr/ObservedVariableAtmosphere/702,ObservedVariableAtmosphere,702,"Mn (manganese), TSP"
http://codes.wmo.int/wmdr/ObservedVariableAtmosphere/703,ObservedVariableAtmosphere,703,"Hg (mercury), TSP"
http://codes.wmo.int/wmdr/ObservedVariableAtmosphere/704,ObservedVariableAtmosphere,704,"Ni (nickel), PM10"
http://codes.wmo.int/wmdr/ObservedVariableAtmosphere/705,ObservedVariableAtmosphere,705,"Ni (nickel), TSP"
http://codes.wmo.int/wmdr/ObservedVariableAtmosphere/706,ObservedVariableAtmosphere,706,"P (phosphorous), PM2.5"
http://codes.wmo.int/wmdr/ObservedVariableAtmosphere/707,ObservedVariableAtmosphere,707,"P (phosphorous), TSP"
http://codes.wmo.int/wmdr/ObservedVariableAtmosphere/708,ObservedVariableAtmosphere,708,"Rb (rubidium), PM2.5"
http://codes.wmo.int/wmdr/ObservedVariableAtmosphere/709,ObservedVariableAtmosphere,709,"Rb (rubidium), TSP"
http://codes.wmo.int/wmdr/ObservedVariableAtmosphere/710,ObservedVariableAtmosphere,710,"Se (selenium), TSP"
http://codes.wmo.int/wmdr/ObservedVariableAtmosphere/711,ObservedVariableAtmosphere,711,"Sr (strontium), PM2.5"
http://codes.wmo.int/wmdr/ObservedVariableAtmosphere/712,ObservedVariableAtmosphere,712,"Sr (strontium), TSP"
http://codes.wmo.int/wmdr/ObservedVariableAtmosphere/713,ObservedVariableAtmosphere,713,"Tl (thallium), PM2.5"
http://codes.wmo.int/wmdr/ObservedVariableAtmosphere/714,ObservedVariableAtmosphere,714,"Tl (thallium), TSP"
http://codes.wmo.int/wmdr/ObservedVariableAtmosphere/715,ObservedVariableAtmosphere,715,"Th (thorium), PM2.5"
http://codes.wmo.int/wmdr/ObservedVariableAtmosphere/716,ObservedVariableAtmosphere,716,"Th (thorium), TSP"
http://codes.wmo.int/wmdr/ObservedVariableAtmosphere/717,ObservedVariableAtmosphere,717,"Sn (tin), PM2.5"
http://codes.wmo.int/wmdr/ObservedVariableAtmosphere/718,ObservedVariableAtmosphere,718,"Sn (tin), TSP"
http://codes.wmo.int/wmdr/ObservedVariableAtmosphere/719,ObservedVariableAtmosphere,719,"U (uranium), PM2.5"
http://codes.wmo.int/wmdr/ObservedVariableAtmosphere/720,ObservedVariableAtmosphere,720,"U (uranium), TSP"
http://codes.wmo.int/wmdr/ObservedVariableAtmosphere/721,ObservedVariableAtmosphere,721,"V (vanadium), PM2.5"
http://codes.wmo.int/wmdr/ObservedVariableAtmosphere/722,ObservedVariableAtmosphere,722,"V (vanadium), TSP"
http://codes.wmo.int/wmdr/ObservedVariableAtmosphere/723,ObservedVariableAtmosphere,723,"Zn (zinc), PM2.5"
http://codes.wmo.int/wmdr/ObservedVariableAtmosphere/724,ObservedVariableAtmosphere,724,"Zn (zinc), TSP"
http://codes.wmo.int/wmdr/ObservedVariableAtmosphere/727,ObservedVariableAtmosphere,727,Dust mass concentration
http://codes.wmo.int/wmdr/ObservedVariableAtmosphere/728,ObservedVariableAtmosphere,728,Volcanic ash particle mass concentration
http://codes.wmo.int/wmdr/ObservedVariableAtmosphere/729,ObservedVariableAtmosphere,729,Aerosol volcanic ash (Total column)
http://codes.wmo.int/wmdr/ObservedVariableAtmosphere/12001,ObservedVariableAtmosphere,12001,Total lightning density
http://codes.wmo.int/wmdr/ObservedVariableAtmosphere/12002,ObservedVariableAtmosphere,12002,Lightning density cloud-to-ground
http://codes.wmo.int/wmdr/ObservedVariableAtmosphere/12005,ObservedVariableAtmosphere,12005,Horizontal wind direction at specified distance from reference surface
http://codes.wmo.int/wmdr/ObservedVariableAtmosphere/12006,ObservedVariableAtmosphere,12006,Horizontal wind speed at specified distance from reference surface
http://codes.wmo.int/wmdr/ObservedVariableAtmosphere/12016,ObservedVariableAtmosphere,12016,"Cl3CCF3 (1,1,1-trichloro-2,2,2-trifluoroethane, CFC-113a)"
http://codes.wmo.int/wmdr/ObservedVariableAtmosphere/12017,ObservedVariableAtmosphere,12017,"CBr2F2 (dibromodifluoromethane, Halon 1202)"
http://codes.wmo.int/wmdr/ObservedVariableAtmosphere/12018,ObservedVariableAtmosphere,12018,"C2Br2F4 (1,2-dibromo-1,1,2,2-tetrafluoroethane, Halon 2402)"
http://codes.wmo.int/wmdr/ObservedVariableAtmosphere/12019,ObservedVariableAtmosphere,12019,"C2H3Cl2F (1,1-dichloro-2-fluoroethane, HCFC-141a)"
http://codes.wmo.int/wmdr/ObservedVariableAtmosphere/12021,ObservedVariableAtmosphere,12021,O2/N2 ratio
http://codes.wmo.int/wmdr/ObservedVariableAtmosphere/12022,ObservedVariableAtmosphere,12022,Total pollen
http://codes.wmo.int/wmdr/ObservedVariableAtmosphere/12023,ObservedVariableAtmosphere,12023,Total Pinaceae
http://codes.wmo.int/wmdr/ObservedVariableAtmosphere/12024,ObservedVariableAtmosphere,12024,Abies
http://codes.wmo.int/wmdr/ObservedVariableAtmosphere/12025,ObservedVariableAtmosphere,12025,Picea
http://codes.wmo.int/wmdr/ObservedVariableAtmosphere/12026,ObservedVariableAtmosphere,12026,Larix
http://codes.wmo.int/wmdr/ObservedVariableAtmosphere/12027,ObservedVariableAtmosphere,12027,Pinus
http://codes.wmo.int/wmdr/ObservedVariableAtmosphere/12028,ObservedVariableAtmosphere,12028,Total Cupressaceae
http://codes.wmo.int/wmdr/ObservedVariableAtmosphere/12029,ObservedVariableAtmosphere,12029,Total Arecaceae
http://codes.wmo.int/wmdr/ObservedVariableAtmosphere/12030,ObservedVariableAtmosphere,12030,Platanus
http://codes.wmo.int/wmdr/ObservedVariableAtmosphere/12031,ObservedVariableAtmosphere,12031,Parietaria
http://codes.wmo.int/wmdr/ObservedVariableAtmosphere/12032,ObservedVariableAtmosphere,12032,Urtica
http://codes.wmo.int/wmdr/ObservedVariableAtmosphere/12033,ObservedVariableAtmosphere,12033,Castanea
http://codes.wmo.int/wmdr/ObservedVariableAtmosphere/12034,ObservedVariableAtmosphere,12034,Fagus
http://codes.wmo.int/wmdr/ObservedVariableAtmosphere/12035,ObservedVariableAtmosphere,12035,Quercus
http://codes.wmo.int/wmdr/ObservedVariableAtmosphere/12036,ObservedVariableAtmosphere,12036,Total Betulaceae
http://codes.wmo.int/wmdr/ObservedVariableAtmosphere/12037,ObservedVariableAtmosphere,12037,Alnus
http://codes.wmo.int/wmdr/ObservedVariableAtmosphere/12038,ObservedVariableAtmosphere,12038,Betula
http://codes.wmo.int/wmdr/ObservedVariableAtmosphere/12039,ObservedVariableAtmosphere,12039,Carpinus
http://codes.wmo.int/wmdr/ObservedVariableAtmosphere/12040,ObservedVariableAtmosphere,12040,Corylus
http://codes.wmo.int/wmdr/ObservedVariableAtmosphere/12041,ObservedVariableAtmosphere,12041,Total Amaranthaceae
http://codes.wmo.int/wmdr/ObservedVariableAtmosphere/12042,ObservedVariableAtmosphere,12042,Chenopodium
http://codes.wmo.int/wmdr/ObservedVariableAtmosphere/12043,ObservedVariableAtmosphere,12043,Populus
http://codes.wmo.int/wmdr/ObservedVariableAtmosphere/12044,ObservedVariableAtmosphere,12044,Salix
http://codes.wmo.int/wmdr/ObservedVariableAtmosphere/12045,ObservedVariableAtmosphere,12045,Total Oleaceae
http://codes.wmo.int/wmdr/ObservedVariableAtmosphere/12046,ObservedVariableAtmosphere,12046,Olea
http://codes.wmo.int/wmdr/ObservedVariableAtmosphere/12047,ObservedVariableAtmosphere,12047,Fraxinus
http://codes.wmo.int/wmdr/ObservedVariableAtmosphere/12048,ObservedVariableAtmosphere,12048,Total Asteraceae
http://codes.wmo.int/wmdr/ObservedVariableAtmosphere/12049,ObservedVariableAtmosphere,12049,Ambrosia
http://codes.wmo.int/wmdr/ObservedVariableAtmosphere/12050,ObservedVariableAtmosphere,12050,Artemisia
http://codes.wmo.int/wmdr/ObservedVariableAtmosphere/12051,ObservedVariableAtmosphere,12051,Solidago
http://codes.wmo.int/wmdr/ObservedVariableAtmosphere/12052,ObservedVariableAtmosphere,12052,Total Poaceae
http://codes.wmo.int/wmdr/ObservedVariableAtmosphere/12053,ObservedVariableAtmosphere,12053,Secale
http://codes.wmo.int/wmdr/ObservedVariableAtmosphere/12054,ObservedVariableAtmosphere,12054,Zea mays
http://codes.wmo.int/wmdr/ObservedVariableAtmosphere/12055,ObservedVariableAtmosphere,12055,Juglans
http://codes.wmo.int/wmdr/ObservedVariableAtmosphere/12056,ObservedVariableAtmosphere,12056,Ulmus
http://codes.wmo.int/wmdr/ObservedVariableAtmosphere/12057,ObservedVariableAtmosphere,12057,Acer
http://codes.wmo.int/wmdr/ObservedVariableAtmosphere/12058,ObservedVariableAtmosphere,12058,Aesculus
http://codes.wmo.int/wmdr/ObservedVariableAtmosphere/12059,ObservedVariableAtmosphere,12059,Brassica
http://codes.wmo.int/wmdr/ObservedVariableAtmosphere/12060,ObservedVariableAtmosphere,12060,Plantago
http://codes.wmo.int/wmdr/ObservedVariableAtmosphere/12061,ObservedVariableAtmosphere,12061,Sambucus
http://codes.wmo.int/wmdr/ObservedVariableAtmosphere/12062,ObservedVariableAtmosphere,12062,Rumex
http://codes.wmo.int/wmdr/ObservedVariableAtmosphere/12063,ObservedVariableAtmosphere,12063,Tilia
http://codes.wmo.int/wmdr/ObservedVariableAtmosphere/12064,ObservedVariableAtmosphere,12064,Humulus
http://codes.wmo.int/wmdr/ObservedVariableAtmosphere/12065,ObservedVariableAtmosphere,12065,Taxus
http://codes.wmo.int/wmdr/ObservedVariableAtmosphere/12066,ObservedVariableAtmosphere,12066,Hippophae
http://codes.wmo.int/wmdr/ObservedVariableAtmosphere/12067,ObservedVariableAtmosphere,12067,Ilex
http://codes.wmo.int/wmdr/ObservedVariableAtmosphere/12068,ObservedVariableAtmosphere,12068,Ligustrum
http://codes.wmo.int/wmdr/ObservedVariableAtmosphere/12069,ObservedVariableAtmosphere,12069,Total Juncaceae
http://codes.wmo.int/wmdr/ObservedVariableAtmosphere/12070,ObservedVariableAtmosphere,12070,Total Cyperaceae
http://codes.wmo.int/wmdr/ObservedVariableAtmosphere/12071,ObservedVariableAtmosphere,12071,Total Ericaceae
http://codes.wmo.int/wmdr/ObservedVariableAtmosphere/12072,ObservedVariableAtmosphere,12072,Total Rosaceae
http://codes.wmo.int/wmdr/ObservedVariableAtmosphere/12073,ObservedVariableAtmosphere,12073,Silene
http://codes.wmo.int/wmdr/ObservedVariableAtmosphere/12074,ObservedVariableAtmosphere,12074,Total Ranunculaceae
http://codes.wmo.int/wmdr/ObservedVariableAtmosphere/12075,ObservedVariableAtmosphere,12075,Total Umbelliferae
http://codes.wmo.int/wmdr/ObservedVariableAtmosphere/12076,ObservedVariableAtmosphere,12076,Total Brassicaceae
http://codes.wmo.int/wmdr/ObservedVariableAtmosphere/12077,ObservedVariableAtmosphere,12077,Ostrya
http://codes.wmo.int/wmdr/ObservedVariableAtmosphere/12078,ObservedVariableAtmosphere,12078,Cedrus
http://codes.wmo.int/wmdr/ObservedVariableAtmosphere/12079,ObservedVariableAtmosphere,12079,Buxus
http://codes.wmo.int/wmdr/ObservedVariableAtmosphere/12080,ObservedVariableAtmosphere,12080,Ginkgo
http://codes.wmo.int/wmdr/ObservedVariableAtmosphere/12081,ObservedVariableAtmosphere,12081,Liquidambar
http://codes.wmo.int/wmdr/ObservedVariableAtmosphere/12082,ObservedVariableAtmosphere,12082,Mercurialis
http://codes.wmo.int/wmdr/ObservedVariableAtmosphere/12083,ObservedVariableAtmosphere,12083,Total Moraceae
http://codes.wmo.int/wmdr/ObservedVariableAtmosphere/12084,ObservedVariableAtmosphere,12084,Alternaria
http://codes.wmo.int/wmdr/ObservedVariableAtmosphere/12085,ObservedVariableAtmosphere,12085,Cladosporium
http://codes.wmo.int/wmdr/ObservedVariableAtmosphere/12086,ObservedVariableAtmosphere,12086,NF3 (nitrogen trifluoride)
http://codes.wmo.int/wmdr/ObservedVariableAtmosphere/12087,ObservedVariableAtmosphere,12087,"CH3D (monodeuterated methane, methane-d1)"
http://codes.wmo.int/wmdr/ObservedVariableAtmosphere/12088,ObservedVariableAtmosphere,12088,"CClF3 (chlorotrifluoromethane, CFC-13)"
http://codes.wmo.int/wmdr/ObservedVariableAtmosphere/12089,ObservedVariableAtmosphere,12089,"C2HClF4 (1-chloro-1,2,2,2-tetrafluoroethane, HCFC-124)"
http://codes.wmo.int/wmdr/ObservedVariableAtmosphere/12090,ObservedVariableAtmosphere,12090,"C5H2F10 (1,1,1,2,2,3,4,5,5,5-decafluoropentane, HFC-43-10-mee)"
http://codes.wmo.int/wmdr/ObservedVariableAtmosphere/12091,ObservedVariableAtmosphere,12091,"C4F8 (octafluorocyclobutane, PFC-318)"
http://codes.wmo.int/wmdr/ObservedVariableAtmosphere/12092,ObservedVariableAtmosphere,12092,C3H8O (1-propanol)
http://codes.wmo.int/wmdr/ObservedVariableAtmosphere/12093,ObservedVariableAtmosphere,12093,C3H8O (2-propanol)
http://codes.wmo.int/wmdr/ObservedVariableAtmosphere/12094,ObservedVariableAtmosphere,12094,C4H4O (furan)
http://codes.wmo.int/wmdr/ObservedVariableAtmosphere/12095,ObservedVariableAtmosphere,12095,C5H6O (2-methylfuran)
http://codes.wmo.int/wmdr/ObservedVariableAtmosphere/12096,ObservedVariableAtmosphere,12096,C5H6O (3-methylfuran)
http://codes.wmo.int/wmdr/ObservedVariableAtmosphere/12097,ObservedVariableAtmosphere,12097,"C3H3N (2-propenenitrile, acrylonitrile)"
http://codes.wmo.int/wmdr/ObservedVariableAtmosphere/12098,ObservedVariableAtmosphere,12098,C3H5N (propanenitrile)
http://codes.wmo.int/wmdr/ObservedVariableAtmosphere/12099,ObservedVariableAtmosphere,12099,"C4H5N (2-methyl-2-propenenitrile, methylacrylonitrile)"
http://codes.wmo.int/wmdr/ObservedVariableAtmosphere/12100,ObservedVariableAtmosphere,12100,CH3NO3 (methyl nitrate)
http://codes.wmo.int/wmdr/ObservedVariableAtmosphere/12101,ObservedVariableAtmosphere,12101,C2H5NO3 (ethyl nitrate)
http://codes.wmo.int/wmdr/ObservedVariableAtmosphere/12102,ObservedVariableAtmosphere,12102,C3H7NO3 (isopropyl nitrate)
http://codes.wmo.int/wmdr/ObservedVariableAtmosphere/12103,ObservedVariableAtmosphere,12103,C4H9NO3 (n-butyl nitrate)
http://codes.wmo.int/wmdr/ObservedVariableAtmosphere/12104,ObservedVariableAtmosphere,12104,C4H9NO3 (isobutyl nitrate)
http://codes.wmo.int/wmdr/ObservedVariableAtmosphere/12105,ObservedVariableAtmosphere,12105,C4H9NO3 (t-butyl nitrate)
http://codes.wmo.int/wmdr/ObservedVariableAtmosphere/12106,ObservedVariableAtmosphere,12106,"C4H9NO3 (2-butyl nitrate, sec-butyl nitrate)"
http://codes.wmo.int/wmdr/ObservedVariableAtmosphere/12107,ObservedVariableAtmosphere,12107,C5H10O (2-methyl-3-buten-2-ol)
http://codes.wmo.int/wmdr/ObservedVariableAtmosphere/12108,ObservedVariableAtmosphere,12108,C8H18 (n-octane)
http://codes.wmo.int/wmdr/ObservedVariableAtmosphere/12109,ObservedVariableAtmosphere,12109,"C8H18 (2,2,4-trimethylpentane)"
http://codes.wmo.int/wmdr/ObservedVariableAtmosphere/12110,ObservedVariableAtmosphere,12110,"C4H6O ((E)-crotonaldehyde, trans-2-butenal)"
http://codes.wmo.int/wmdr/ObservedVariableAtmosphere/12111,ObservedVariableAtmosphere,12111,"C4H6O ((Z)-crotonaldehyde, cis-2-butenal)"
http://codes.wmo.int/wmdr/ObservedVariableAtmosphere/12112,ObservedVariableAtmosphere,12112,"C4H6O (crotonaldehyde, 2-butenal)"
http://codes.wmo.int/wmdr/ObservedVariableAtmosphere/12113,ObservedVariableAtmosphere,12113,"C2H2Cl2 (1,1-dichloroethene)"
http://codes.wmo.int/wmdr/ObservedVariableAtmosphere/12114,ObservedVariableAtmosphere,12114,"C2H2Cl2 ((Z)-1,2-dichloroethene, cis-1,2-dichloroethene)"
http://codes.wmo.int/wmdr/ObservedVariableAtmosphere/12115,ObservedVariableAtmosphere,12115,"C2H2Cl2 ((E)-1,2-dichloroethene, trans-1,2-dichloroethene)"
http://codes.wmo.int/wmdr/ObservedVariableAtmosphere/12116,ObservedVariableAtmosphere,12116,"C2H2Cl2 (1,2-dichloroethene)"
http://codes.wmo.int/wmdr/ObservedVariableAtmosphere/12117,ObservedVariableAtmosphere,12117,"C2H4Cl2 (1,1-dichloroethane)"
http://codes.wmo.int/wmdr/ObservedVariableAtmosphere/12118,ObservedVariableAtmosphere,12118,"C2H4Cl2 (1,2-dichloroethane)"
http://codes.wmo.int/wmdr/ObservedVariableAtmosphere/12119,ObservedVariableAtmosphere,12119,CHBr2Cl (dibromochloromethane)
http://codes.wmo.int/wmdr/ObservedVariableAtmosphere/12120,ObservedVariableAtmosphere,12120,CHBrCl2 (bromodichloromethane)
http://codes.wmo.int/wmdr/ObservedVariableAtmosphere/12121,ObservedVariableAtmosphere,12121,CH2ClI (chloroiodomethane)
http://codes.wmo.int/wmdr/ObservedVariableAtmosphere/12122,ObservedVariableAtmosphere,12122,CH2I2 (diiodomethane)
http://codes.wmo.int/wmdr/ObservedVariableAtmosphere/12123,ObservedVariableAtmosphere,12123,C5H4O2 (furfural)
http://codes.wmo.int/wmdr/ObservedVariableAtmosphere/12124,ObservedVariableAtmosphere,12124,C5H4O2 (3-furaldehyde)
http://codes.wmo.int/wmdr/ObservedVariableAtmosphere/12125,ObservedVariableAtmosphere,12125,C8H8 (styrene)
http://codes.wmo.int/wmdr/ObservedVariableAtmosphere/12126,ObservedVariableAtmosphere,12126,C8H6 (ethynylbenzene)
http://codes.wmo.int/wmdr/ObservedVariableAtmosphere/12127,ObservedVariableAtmosphere,12127,C6H5Cl (chlorobenzene)
http://codes.wmo.int/wmdr/ObservedVariableAtmosphere/12128,ObservedVariableAtmosphere,12128,C10H16 (tricyclene)
http://codes.wmo.int/wmdr/ObservedVariableAtmosphere/12129,ObservedVariableAtmosphere,12129,C10H16 (alpha-pinene)
http://codes.wmo.int/wmdr/ObservedVariableAtmosphere/12130,ObservedVariableAtmosphere,12130,C10H16 (beta-pinene)
http://codes.wmo.int/wmdr/ObservedVariableAtmosphere/12131,ObservedVariableAtmosphere,12131,C10H16 (myrcene)
http://codes.wmo.int/wmdr/ObservedVariableAtmosphere/12132,ObservedVariableAtmosphere,12132,C10H16 (camphene)
http://codes.wmo.int/wmdr/ObservedVariableAtmosphere/12133,ObservedVariableAtmosphere,12133,C10H16 (D-limonene)
http://codes.wmo.int/wmdr/ObservedVariableAtmosphere/12134,ObservedVariableAtmosphere,12134,C10H16 (3-carene)
http://codes.wmo.int/wmdr/ObservedVariableAtmosphere/12135,ObservedVariableAtmosphere,12135,C2H2O2 (glyoxal)
http://codes.wmo.int/wmdr/ObservedVariableAtmosphere/12136,ObservedVariableAtmosphere,12136,C2H4O2 (methyl formate)
http://codes.wmo.int/wmdr/ObservedVariableAtmosphere/12137,ObservedVariableAtmosphere,12137,C2H4O2 (glycolaldehyde)
http://codes.wmo.int/wmdr/ObservedVariableAtmosphere/12138,ObservedVariableAtmosphere,12138,C3H6O2 (methyl acetate)
http://codes.wmo.int/wmdr/ObservedVariableAtmosphere/12139,ObservedVariableAtmosphere,12139,C3H6O2 (ethyl formate)
http://codes.wmo.int/wmdr/ObservedVariableAtmosphere/12140,ObservedVariableAtmosphere,12140,C3H6O2 (hydroxyacetone)
http://codes.wmo.int/wmdr/ObservedVariableAtmosphere/12141,ObservedVariableAtmosphere,12141,"C3H6O2 (1,3-dioxolane)"
http://codes.wmo.int/wmdr/ObservedVariableAtmosphere/12142,ObservedVariableAtmosphere,12142,C4H8O2 (ethyl acetate)
http://codes.wmo.int/wmdr/ObservedVariableAtmosphere/12143,ObservedVariableAtmosphere,12143,C4H8O2 (methyl propionate)
http://codes.wmo.int/wmdr/ObservedVariableAtmosphere/12144,ObservedVariableAtmosphere,12144,C8H10 (p-xylene)
http://codes.wmo.int/wmdr/ObservedVariableAtmosphere/12145,ObservedVariableAtmosphere,12145,Particle light extinction coefficient
http://codes.wmo.int/wmdr/ObservedVariableAtmosphere/12146,ObservedVariableAtmosphere,12146,Particle single scattering albedo
http://codes.wmo.int/wmdr/ObservedVariableAtmosphere/12147,ObservedVariableAtmosphere,12147,Ångström exponent for particle light extinction
http://codes.wmo.int/wmdr/ObservedVariableAtmosphere/12148,ObservedVariableAtmosphere,12148,Ångström exponent for particle light scattering
http://codes.wmo.int/wmdr/ObservedVariableAtmosphere/12149,ObservedVariableAtmosphere,12149,Ångström exponent for particle light absorption
http://codes.wmo.int/wmdr/ObservedVariableAtmosphere/12150,ObservedVariableAtmosphere,12150,Ångström exponent for aerosol optical depth
http://codes.wmo.int/wmdr/ObservedVariableAtmosphere/12151,ObservedVariableAtmosphere,12151,Ångström exponent  for aerosol absorption optical depth
http://codes.wmo.int/wmdr/ObservedVariableAtmosphere/12152,ObservedVariableAtmosphere,12152,Particle surface area size distribution
http://codes.wmo.int/wmdr/ObservedVariableAtmosphere/12153,ObservedVariableAtmosphere,12153,Particle volume size distribution
http://codes.wmo.int/wmdr/ObservedVariableAtmosphere/12154,ObservedVariableAtmosphere,12154,Particle mass size distribution
http://codes.wmo.int/wmdr/ObservedVariableAtmosphere/12155,ObservedVariableAtmosphere,12155,Hygroscopic particle size growth factor
http://codes.wmo.int/wmdr/ObservedVariableAtmosphere/12156,ObservedVariableAtmosphere,12156,Hygroscopic particle light scattering growth factor
http://codes.wmo.int/wmdr/ObservedVariableAtmosphere/12157,ObservedVariableAtmosphere,12157,Hygroscopic particle light extinction growth factor
http://codes.wmo.int/wmdr/ObservedVariableAtmosphere/12158,ObservedVariableAtmosphere,12158,Particle light hemispheric backscatter coefficient
http://codes.wmo.int/wmdr/ObservedVariableAtmosphere/12159,ObservedVariableAtmosphere,12159,Particle light backscatter coefficient
http://codes.wmo.int/wmdr/ObservedVariableAtmosphere/12160,ObservedVariableAtmosphere,12160,Particle light hemispheric forward scattering coefficient
http://codes.wmo.int/wmdr/ObservedVariableAtmosphere/12161,ObservedVariableAtmosphere,12161,Particle effective diameter
http://codes.wmo.int/wmdr/ObservedVariableAtmosphere/12162,ObservedVariableAtmosphere,12162,Aerosol layer height
http://codes.wmo.int/wmdr/ObservedVariableAtmosphere/12163,ObservedVariableAtmosphere,12163,Mixed layer height
http://codes.wmo.int/wmdr/ObservedVariableAtmosphere/12164,ObservedVariableAtmosphere,12164,O3 (ozone)
http://codes.wmo.int/wmdr/ObservedVariableAtmosphere/12165,ObservedVariableAtmosphere,12165,Water vapour
http://codes.wmo.int/wmdr/ObservedVariableAtmosphere/12166,ObservedVariableAtmosphere,12166,Air temperature
http://codes.wmo.int/wmdr/ObservedVariableAtmosphere/12167,ObservedVariableAtmosphere,12167,Cloud phase
http://codes.wmo.int/wmdr/ObservedVariableAtmosphere/12168,ObservedVariableAtmosphere,12168,Height of the top of the PBL
http://codes.wmo.int/wmdr/ObservedVariableAtmosphere/12169,ObservedVariableAtmosphere,12169,Aerosol type
http://codes.wmo.int/wmdr/ObservedVariableAtmosphere/12170,ObservedVariableAtmosphere,12170,Tritium [H-3]
http://codes.wmo.int/wmdr/ObservedVariableAtmosphere/12171,ObservedVariableAtmosphere,12171,Carbon [C-14]
http://codes.wmo.int/wmdr/ObservedVariableAtmosphere/12172,ObservedVariableAtmosphere,12172,Sodium [Na-22]
http://codes.wmo.int/wmdr/ObservedVariableAtmosphere/12173,ObservedVariableAtmosphere,12173,Sodium [Na-24]
http://codes.wmo.int/wmdr/ObservedVariableAtmosphere/12174,ObservedVariableAtmosphere,12174,Chlorine [Cl-38]
http://codes.wmo.int/wmdr/ObservedVariableAtmosphere/12175,ObservedVariableAtmosphere,12175,Potassium [K-40]
http://codes.wmo.int/wmdr/ObservedVariableAtmosphere/12176,ObservedVariableAtmosphere,12176,Potassium [K-42]
http://codes.wmo.int/wmdr/ObservedVariableAtmosphere/12177,ObservedVariableAtmosphere,12177,Scandium [Sc-46]
http://codes.wmo.int/wmdr/ObservedVariableAtmosphere/12178,ObservedVariableAtmosphere,12178,Chromium [Cr-51]
http://codes.wmo.int/wmdr/ObservedVariableAtmosphere/12179,ObservedVariableAtmosphere,12179,Manganese [Mn-53]
http://codes.wmo.int/wmdr/ObservedVariableAtmosphere/12180,ObservedVariableAtmosphere,12180,Manganese [Mn-56]
http://codes.wmo.int/wmdr/ObservedVariableAtmosphere/12181,ObservedVariableAtmosphere,12181,Iron [Fe-59]
http://codes.wmo.int/wmdr/ObservedVariableAtmosphere/12182,ObservedVariableAtmosphere,12182,Cobalt [Co-56]
http://codes.wmo.int/wmdr/ObservedVariableAtmosphere/12183,ObservedVariableAtmosphere,12183,Cobalt [Co-57]
http://codes.wmo.int/wmdr/ObservedVariableAtmosphere/12184,ObservedVariableAtmosphere,12184,Cobalt [Co-58]
http://codes.wmo.int/wmdr/ObservedVariableAtmosphere/12185,ObservedVariableAtmosphere,12185,Cobalt [Co-60]
http://codes.wmo.int/wmdr/ObservedVariableAtmosphere/12186,ObservedVariableAtmosphere,12186,Zinc [Zn-65]
http://codes.wmo.int/wmdr/ObservedVariableAtmosphere/12187,ObservedVariableAtmosphere,12187,Gallium [Ga-67]
http://codes.wmo.int/wmdr/ObservedVariableAtmosphere/12188,ObservedVariableAtmosphere,12188,Selenium [Se-75]
http://codes.wmo.int/wmdr/ObservedVariableAtmosphere/12189,ObservedVariableAtmosphere,12189,Strontium [Sr-85]
http://codes.wmo.int/wmdr/ObservedVariableAtmosphere/12190,ObservedVariableAtmosphere,12190,Strontium [Sr-89]
http://codes.wmo.int/wmdr/ObservedVariableAtmosphere/12191,ObservedVariableAtmosphere,12191,Strontium [Sr-90]
http://codes.wmo.int/wmdr/ObservedVariableAtmosphere/12192,ObservedVariableAtmosphere,12192,Strontium [Sr-91]
http://codes.wmo.int/wmdr/ObservedVariableAtmosphere/12193,ObservedVariableAtmosphere,12193,Yttrium [Y-88]
http://codes.wmo.int/wmdr/ObservedVariableAtmosphere/12194,ObservedVariableAtmosphere,12194,Yttrium [Y-90m]
http://codes.wmo.int/wmdr/ObservedVariableAtmosphere/12195,ObservedVariableAtmosphere,12195,Zirconium [Zr-95]
http://codes.wmo.int/wmdr/ObservedVariableAtmosphere/12196,ObservedVariableAtmosphere,12196,Niobium [Nb-95]
http://codes.wmo.int/wmdr/ObservedVariableAtmosphere/12197,ObservedVariableAtmosphere,12197,Molybdenum [Mo-99]
http://codes.wmo.int/wmdr/ObservedVariableAtmosphere/12198,ObservedVariableAtmosphere,12198,Technetium  [Tc-99m]
http://codes.wmo.int/wmdr/ObservedVariableAtmosphere/12199,ObservedVariableAtmosphere,12199,Ruthenium [Ru-103]
http://codes.wmo.int/wmdr/ObservedVariableAtmosphere/12200,ObservedVariableAtmosphere,12200,Ruthenium [Ru-106]
http://codes.wmo.int/wmdr/ObservedVariableAtmosphere/12201,ObservedVariableAtmosphere,12201,Silver [Ag-108m]
http://codes.wmo.int/wmdr/ObservedVariableAtmosphere/12202,ObservedVariableAtmosphere,12202,Silver [Ag-110m]
http://codes.wmo.int/wmdr/ObservedVariableAtmosphere/12203,ObservedVariableAtmosphere,12203,Indium [In-111]
http://codes.wmo.int/wmdr/ObservedVariableAtmosphere/12204,ObservedVariableAtmosphere,12204,Tin [Sn-113]
http://codes.wmo.int/wmdr/ObservedVariableAtmosphere/12205,ObservedVariableAtmosphere,12205,Antimony [Sb-122]
http://codes.wmo.int/wmdr/ObservedVariableAtmosphere/12206,ObservedVariableAtmosphere,12206,Antimony [Sb-124]
http://codes.wmo.int/wmdr/ObservedVariableAtmosphere/12207,ObservedVariableAtmosphere,12207,Antimony [Sb-125]
http://codes.wmo.int/wmdr/ObservedVariableAtmosphere/12208,ObservedVariableAtmosphere,12208,Tellurium [Te-132]
http://codes.wmo.int/wmdr/ObservedVariableAtmosphere/12209,ObservedVariableAtmosphere,12209,"Iodine [I-126], elementary"
http://codes.wmo.int/wmdr/ObservedVariableAtmosphere/12210,ObservedVariableAtmosphere,12210,"Iodine [I-131], elementary"
http://codes.wmo.int/wmdr/ObservedVariableAtmosphere/12211,ObservedVariableAtmosphere,12211,"Iodine [I-132], elementary"
http://codes.wmo.int/wmdr/ObservedVariableAtmosphere/12212,ObservedVariableAtmosphere,12212,"Iodine [I-133], elementary"
http://codes.wmo.int/wmdr/ObservedVariableAtmosphere/12213,ObservedVariableAtmosphere,12213,Xenon [Xe-133]
http://codes.wmo.int/wmdr/ObservedVariableAtmosphere/12214,ObservedVariableAtmosphere,12214,Caesium [Cs-134]
http://codes.wmo.int/wmdr/ObservedVariableAtmosphere/12215,ObservedVariableAtmosphere,12215,Caesium [Cs-136]
http://codes.wmo.int/wmdr/ObservedVariableAtmosphere/12216,ObservedVariableAtmosphere,12216,Caesium [Cs-137]
http://codes.wmo.int/wmdr/ObservedVariableAtmosphere/12217,ObservedVariableAtmosphere,12217,barium [Ba-133]
http://codes.wmo.int/wmdr/ObservedVariableAtmosphere/12218,ObservedVariableAtmosphere,12218,barium [Ba-140]
http://codes.wmo.int/wmdr/ObservedVariableAtmosphere/12219,ObservedVariableAtmosphere,12219,cerium [Ce-139]
http://codes.wmo.int/wmdr/ObservedVariableAtmosphere/12220,ObservedVariableAtmosphere,12220,cerium [Ce-141]
http://codes.wmo.int/wmdr/ObservedVariableAtmosphere/12221,ObservedVariableAtmosphere,12221,cerium [Ce-144]
http://codes.wmo.int/wmdr/ObservedVariableAtmosphere/12222,ObservedVariableAtmosphere,12222,Lanthanum [La-140]
http://codes.wmo.int/wmdr/ObservedVariableAtmosphere/12223,ObservedVariableAtmosphere,12223,Neodymium [Nd-147]
http://codes.wmo.int/wmdr/ObservedVariableAtmosphere/12224,ObservedVariableAtmosphere,12224,Europium [Eu-152]
http://codes.wmo.int/wmdr/ObservedVariableAtmosphere/12225,ObservedVariableAtmosphere,12225,Tantalum [Ta-182]
http://codes.wmo.int/wmdr/ObservedVariableAtmosphere/12226,ObservedVariableAtmosphere,12226,Iridium [Ir-192]
http://codes.wmo.int/wmdr/ObservedVariableAtmosphere/12227,ObservedVariableAtmosphere,12227,Mercury [Hg-203]
http://codes.wmo.int/wmdr/ObservedVariableAtmosphere/12228,ObservedVariableAtmosphere,12228,bismuth [Bi-212]
http://codes.wmo.int/wmdr/ObservedVariableAtmosphere/12229,ObservedVariableAtmosphere,12229,bismuth [Bi-213]
http://codes.wmo.int/wmdr/ObservedVariableAtmosphere/12230,ObservedVariableAtmosphere,12230,Lead [Pb-212]
http://codes.wmo.int/wmdr/ObservedVariableAtmosphere/12231,ObservedVariableAtmosphere,12231,Lead [Pb-214]
http://codes.wmo.int/wmdr/ObservedVariableAtmosphere/12232,ObservedVariableAtmosphere,12232,Radium [Ra-226]
http://codes.wmo.int/wmdr/ObservedVariableAtmosphere/12233,ObservedVariableAtmosphere,12233,Actinium [Ac-228]
http://codes.wmo.int/wmdr/ObservedVariableAtmosphere/12234,ObservedVariableAtmosphere,12234,Thorium [Th-232]
http://codes.wmo.int/wmdr/ObservedVariableAtmosphere/12235,ObservedVariableAtmosphere,12235,Uranium [U-234]
http://codes.wmo.int/wmdr/ObservedVariableAtmosphere/12236,ObservedVariableAtmosphere,12236,Uranium [U-235]
http://codes.wmo.int/wmdr/ObservedVariableAtmosphere/12237,ObservedVariableAtmosphere,12237,Uranium [U-238]
http://codes.wmo.int/wmdr/ObservedVariableAtmosphere/12238,ObservedVariableAtmosphere,12238,Plutonium [Pu-238]
http://codes.wmo.int/wmdr/ObservedVariableAtmosphere/12239,ObservedVariableAtmosphere,12239,Neptunium [Np-239]
http://codes.wmo.int/wmdr/ObservedVariableAtmosphere/12240,ObservedVariableAtmosphere,12240,Americium [Am-241]
http://codes.wmo.int/wmdr/ObservedVariableAtmosphere/12241,ObservedVariableAtmosphere,12241,Sum of Plutonium [Pu-239] and [Pu-240]
http://codes.wmo.int/wmdr/ObservedVariableAtmosphere/12242,ObservedVariableAtmosphere,12242,Gold [Au-198]
http://codes.wmo.int/wmdr/ObservedVariableAtmosphere/12243,ObservedVariableAtmosphere,12243,"C2H2Cl2F2 (1,2-dichloro-1,1-difluoroethane, HCFC-132b)"
http://codes.wmo.int/wmdr/ObservedVariableAtmosphere/12244,ObservedVariableAtmosphere,12244,"C2H2ClF3 (2-chloro-1,1,1-trifluoroethane, HCFC-133a)"
http://codes.wmo.int/wmdr/ObservedVariableAtmosphere/12247,ObservedVariableAtmosphere,12247,Neodymium [Nd-137]
http://codes.wmo.int/wmdr/ObservedVariableAtmosphere/12248,ObservedVariableAtmosphere,12248,Attenuated backscatter
http://codes.wmo.int/wmdr/ObservedVariableAtmosphere/12249,ObservedVariableAtmosphere,12249,Relative humidity (with respect to water)
http://codes.wmo.int/wmdr/ObservedVariableAtmosphere/12250,ObservedVariableAtmosphere,12250,Specific humidity
http://codes.wmo.int/wmdr/ObservedVariableAtmosphere/12251,ObservedVariableAtmosphere,12251,Relative attenuated backscatter
http://codes.wmo.int/wmdr/ObservedVariableAtmosphere/12295,ObservedVariableAtmosphere,12295,Radiance
http://codes.wmo.int/wmdr/ObservedVariableAtmosphere/12296,ObservedVariableAtmosphere,12296,Spectral radiance
http://codes.wmo.int/wmdr/ObservedVariableAtmosphere/12297,ObservedVariableAtmosphere,12297,Brightness temperature
http://codes.wmo.int/wmdr/ObservedVariableAtmosphere/12298,ObservedVariableAtmosphere,12298,Spectral bidirectional reflectance
http://codes.wmo.int/wmdr/ObservedVariableAtmosphere/12299,ObservedVariableAtmosphere,12299,Radar backscatter coefficient
http://codes.wmo.int/wmdr/ObservedVariableAtmosphere/12300,ObservedVariableAtmosphere,12300,Bending angle
http://codes.wmo.int/wmdr/ObservedVariableAtmosphere/12301,ObservedVariableAtmosphere,12301,Refractivity
http://codes.wmo.int/wmdr/ObservedVariableAtmosphere/12302,ObservedVariableAtmosphere,12302,Slant total delay (STD)
http://codes.wmo.int/wmdr/ObservedVariableAtmosphere/12303,ObservedVariableAtmosphere,12303,Zenith total delay (ZTD)
http://codes.wmo.int/wmdr/ObservedVariableAtmosphere/12304,ObservedVariableAtmosphere,12304,Delay Doppler map
http://codes.wmo.int/wmdr/ObservedVariableAtmosphere/12305,ObservedVariableAtmosphere,12305,Impact parameter
http://codes.wmo.int/wmdr/ObservedVariableAtmosphere/12306,ObservedVariableAtmosphere,12306,Net short-wave irradiance
http://codes.wmo.int/wmdr/ObservedVariableAtmosphere/12307,ObservedVariableAtmosphere,12307,Short-wave irradiance (direction unspecified)
http://codes.wmo.int/wmdr/ObservedVariableAtmosphere/12308,ObservedVariableAtmosphere,12308,Net long-wave irradiance
http://codes.wmo.int/wmdr/ObservedVariableAtmosphere/12309,ObservedVariableAtmosphere,12309,Upward spectral radiance
http://codes.wmo.int/wmdr/ObservedVariableAtmosphere/12310,ObservedVariableAtmosphere,12310,Downward spectral radiance
http://codes.wmo.int/wmdr/ObservedVariableAtmosphere/12311,ObservedVariableAtmosphere,12311,Solar spectral irradiance
http://codes.wmo.int/wmdr/ObservedVariableAtmosphere/12312,ObservedVariableAtmosphere,12312,Solar total irradiance
http://codes.wmo.int/wmdr/ObservedVariableAtmosphere/12313,ObservedVariableAtmosphere,12313,Earth surface short-wave bidirectional reflectance
http://codes.wmo.int/wmdr/ObservedVariableAtmosphere/12314,ObservedVariableAtmosphere,12314,Earth surface spectral bidirectional reflectance
http://codes.wmo.int/wmdr/ObservedVariableAtmosphere/12315,ObservedVariableAtmosphere,12315,Earth surface emissivity
http://codes.wmo.int/wmdr/ObservedVariableAtmosphere/12316,ObservedVariableAtmosphere,12316,Long-wave earth surface emissivity
http://codes.wmo.int/wmdr/ObservedVariableAtmosphere/12320,ObservedVariableAtmosphere,12320,"C3H2F6 (1,1,1,3,3,3-hexafluoropropane, HFC-236fa)"
http://codes.wmo.int/wmdr/ObservedVariableAtmosphere/12321,ObservedVariableAtmosphere,12321,Tellurium [Te-131]
http://codes.wmo.int/wmdr/ObservedVariableAtmosphere/12326,ObservedVariableAtmosphere,12326,u (u component of horizontal wind vector)
http://codes.wmo.int/wmdr/ObservedVariableAtmosphere/12327,ObservedVariableAtmosphere,12327,v (v component of horizontal wind vector)
http://codes.wmo.int/wmdr/ObservedVariableAtmosphere/12328,ObservedVariableAtmosphere,12328,Total lightning flash density
http://codes.wmo.int/wmdr/ObservedVariableAtmosphere/12329,ObservedVariableAtmosphere,12329,Lightning flash density cloud-to-ground
http://codes.wmo.int/wmdr/ObservedVariableTerrestrial/165,ObservedVariableTerrestrial,165,Groundwater (amount per unit area)
http://codes.wmo.int/wmdr/ObservedVariableTerrestrial/166,ObservedVariableTerrestrial,166,Groundwater level
http://codes.wmo.int/wmdr/ObservedVariableTerrestrial/167,ObservedVariableTerrestrial,167,Lake area
http://codes.wmo.int/wmdr/ObservedVariableTerrestrial/168,ObservedVariableTerrestrial,168,Lake level
http://codes.wmo.int/wmdr/ObservedVariableTerrestrial/171,ObservedVariableTerrestrial,171,Stream discharge
http://codes.wmo.int/wmdr/ObservedVariableTerrestrial/172,ObservedVariableTerrestrial,172,Stream level
http://codes.wmo.int/wmdr/ObservedVariableTerrestrial/174,ObservedVariableTerrestrial,174,Well discharge
http://codes.wmo.int/wmdr/ObservedVariableTerrestrial/231,ObservedVariableTerrestrial,231,Breaking action-friction coefficient
http://codes.wmo.int/wmdr/ObservedVariableTerrestrial/232,ObservedVariableTerrestrial,232,Coastlines
http://codes.wmo.int/wmdr/ObservedVariableTerrestrial/236,ObservedVariableTerrestrial,236,Land cover
http://codes.wmo.int/wmdr/ObservedVariableTerrestrial/237,ObservedVariableTerrestrial,237,Land surface topography
http://codes.wmo.int/wmdr/ObservedVariableTerrestrial/239,ObservedVariableTerrestrial,239,Runway conditions
http://codes.wmo.int/wmdr/ObservedVariableTerrestrial/243,ObservedVariableTerrestrial,243,Wetland extent
http://codes.wmo.int/wmdr/ObservedVariableTerrestrial/245,ObservedVariableTerrestrial,245,Soil heat Flux
http://codes.wmo.int/wmdr/ObservedVariableTerrestrial/246,ObservedVariableTerrestrial,246,Soil type
http://codes.wmo.int/wmdr/ObservedVariableTerrestrial/386,ObservedVariableTerrestrial,386,Fire fractional cover
http://codes.wmo.int/wmdr/ObservedVariableTerrestrial/387,ObservedVariableTerrestrial,387,Fire radiative power
http://codes.wmo.int/wmdr/ObservedVariableTerrestrial/388,ObservedVariableTerrestrial,388,Fire temperature
http://codes.wmo.int/wmdr/ObservedVariableTerrestrial/389,ObservedVariableTerrestrial,389,Land surface temperature
http://codes.wmo.int/wmdr/ObservedVariableTerrestrial/410,ObservedVariableTerrestrial,410,Lake Surface Temperature
http://codes.wmo.int/wmdr/ObservedVariableTerrestrial/422,ObservedVariableTerrestrial,422,CO2 flux
http://codes.wmo.int/wmdr/ObservedVariableTerrestrial/423,ObservedVariableTerrestrial,423,Biomass
http://codes.wmo.int/wmdr/ObservedVariableTerrestrial/424,ObservedVariableTerrestrial,424,Fraction of vegetated land
http://codes.wmo.int/wmdr/ObservedVariableTerrestrial/425,ObservedVariableTerrestrial,425,Leaf Area Index (LAI)
http://codes.wmo.int/wmdr/ObservedVariableTerrestrial/426,ObservedVariableTerrestrial,426,Normalised Difference Vegetation Index (NDVI)
http://codes.wmo.int/wmdr/ObservedVariableTerrestrial/427,ObservedVariableTerrestrial,427,Vegetation type
http://codes.wmo.int/wmdr/ObservedVariableTerrestrial/510,ObservedVariableTerrestrial,510,Evaporation
http://codes.wmo.int/wmdr/ObservedVariableTerrestrial/527,ObservedVariableTerrestrial,527,Soil moisture (in the roots region)
http://codes.wmo.int/wmdr/ObservedVariableTerrestrial/528,ObservedVariableTerrestrial,528,Soil moisture at surface
http://codes.wmo.int/wmdr/ObservedVariableTerrestrial/563,ObservedVariableTerrestrial,563,Fraction of Absorbed PAR (FAPAR)
http://codes.wmo.int/wmdr/ObservedVariableTerrestrial/564,ObservedVariableTerrestrial,564,Photosynthetically Active Radiation (PAR)
http://codes.wmo.int/wmdr/ObservedVariableTerrestrial/596,ObservedVariableTerrestrial,596,Soil temperature
http://codes.wmo.int/wmdr/ObservedVariableTerrestrial/611,ObservedVariableTerrestrial,611,Glacier motion
http://codes.wmo.int/wmdr/ObservedVariableTerrestrial/612,ObservedVariableTerrestrial,612,Glacier topography
http://codes.wmo.int/wmdr/ObservedVariableTerrestrial/613,ObservedVariableTerrestrial,613,Ice sheet topography
http://codes.wmo.int/wmdr/ObservedVariableTerrestrial/627,ObservedVariableTerrestrial,627,Depth of snowfall
http://codes.wmo.int/wmdr/ObservedVariableTerrestrial/628,ObservedVariableTerrestrial,628,Snow cover extent
http://codes.wmo.int/wmdr/ObservedVariableTerrestrial/629,ObservedVariableTerrestrial,629,Snow depth
http://codes.wmo.int/wmdr/ObservedVariableTerrestrial/630,ObservedVariableTerrestrial,630,Snow surface state
http://codes.wmo.int/wmdr/ObservedVariableTerrestrial/631,ObservedVariableTerrestrial,631,Water equivalent of snow cover
http://codes.wmo.int/wmdr/ObservedVariableTerrestrial/725,ObservedVariableTerrestrial,725,Lake ice thickness
http://codes.wmo.int/wmdr/ObservedVariableTerrestrial/726,ObservedVariableTerrestrial,726,River ice thickness
http://codes.wmo.int/wmdr/ObservedVariableTerrestrial/12007,ObservedVariableTerrestrial,12007,Presence of snow
http://codes.wmo.int/wmdr/ObservedVariableTerrestrial/12008,ObservedVariableTerrestrial,12008,Water equivalent of snowfall
http://codes.wmo.int/wmdr/ObservedVariableTerrestrial/12009,ObservedVariableTerrestrial,12009,Glacier mass balance at a point
http://codes.wmo.int/wmdr/ObservedVariableTerrestrial/12010,ObservedVariableTerrestrial,12010,Glacier-wide mass balance
http://codes.wmo.int/wmdr/ObservedVariableTerrestrial/12011,ObservedVariableTerrestrial,12011,Surface accumulation at a point
http://codes.wmo.int/wmdr/ObservedVariableTerrestrial/12012,ObservedVariableTerrestrial,12012,Surface ablation at a point
http://codes.wmo.int/wmdr/ObservedVariableTerrestrial/12013,ObservedVariableTerrestrial,12013,Glacier area
http://codes.wmo.int/wmdr/ObservedVariableTerrestrial/12014,ObservedVariableTerrestrial,12014,Permafrost temperature
http://codes.wmo.int/wmdr/ObservedVariableTerrestrial/12015,ObservedVariableTerrestrial,12015,Active layer thickness
http://codes.wmo.int/wmdr/ObservedVariableTerrestrial/12252,ObservedVariableTerrestrial,12252,Water level
http://codes.wmo.int/wmdr/ObservedVariableTerrestrial/12253,ObservedVariableTerrestrial,12253,Percolation rate
http://codes.wmo.int/wmdr/ObservedVariableTerrestrial/12254,ObservedVariableTerrestrial,12254,Recharge rate
http://codes.wmo.int/wmdr/ObservedVariableTerrestrial/12255,ObservedVariableTerrestrial,12255,Aquifer volume
http://codes.wmo.int/wmdr/ObservedVariableTerrestrial/12256,ObservedVariableTerrestrial,12256,Hydraulic conductivity
http://codes.wmo.int/wmdr/ObservedVariableTerrestrial/12257,ObservedVariableTerrestrial,12257,Hydraulic transmissivity
http://codes.wmo.int/wmdr/ObservedVariableTerrestrial/12258,ObservedVariableTerrestrial,12258,Porosity
http://codes.wmo.int/wmdr/ObservedVariableTerrestrial/12259,ObservedVariableTerrestrial,12259,Effective porosity
http://codes.wmo.int/wmdr/ObservedVariableTerrestrial/12260,ObservedVariableTerrestrial,12260,Specific retention
http://codes.wmo.int/wmdr/ObservedVariableTerrestrial/12261,ObservedVariableTerrestrial,12261,Infiltration rate
http://codes.wmo.int/wmdr/ObservedVariableTerrestrial/12262,ObservedVariableTerrestrial,12262,Infiltration capacity
http://codes.wmo.int/wmdr/ObservedVariableTerrestrial/12263,ObservedVariableTerrestrial,12263,Specific capacity (well)
http://codes.wmo.int/wmdr/ObservedVariableTerrestrial/12264,ObservedVariableTerrestrial,12264,Specific yield
http://codes.wmo.int/wmdr/ObservedVariableTerrestrial/12265,ObservedVariableTerrestrial,12265,Groundwater flow
http://codes.wmo.int/wmdr/ObservedVariableTerrestrial/12266,ObservedVariableTerrestrial,12266,Storage
http://codes.wmo.int/wmdr/ObservedVariableTerrestrial/12267,ObservedVariableTerrestrial,12267,Total dissolved solids
http://codes.wmo.int/wmdr/ObservedVariableTerrestrial/12268,ObservedVariableTerrestrial,12268,Suspended sediment
http://codes.wmo.int/wmdr/ObservedVariableTerrestrial/12270,ObservedVariableTerrestrial,12270,Sediment discharge
http://codes.wmo.int/wmdr/ObservedVariableTerrestrial/12271,ObservedVariableTerrestrial,12271,Bed load discharge
http://codes.wmo.int/wmdr/ObservedVariableTerrestrial/12272,ObservedVariableTerrestrial,12272,Suspended sediment load
http://codes.wmo.int/wmdr/ObservedVariableTerrestrial/12273,ObservedVariableTerrestrial,12273,Total sediment load
http://codes.wmo.int/wmdr/ObservedVariableTerrestrial/12274,ObservedVariableTerrestrial,12274,Runoff
http://codes.wmo.int/wmdr/ObservedVariableTerrestrial/12275,ObservedVariableTerrestrial,12275,Runoff coefficient
http://codes.wmo.int/wmdr/ObservedVariableTerrestrial/12276,ObservedVariableTerrestrial,12276,Depth of runoff
http://codes.wmo.int/wmdr/ObservedVariableTerrestrial/12277,ObservedVariableTerrestrial,12277,Soil moisture
http://codes.wmo.int/wmdr/ObservedVariableTerrestrial/12278,ObservedVariableTerrestrial,12278,Live storage
http://codes.wmo.int/wmdr/ObservedVariableTerrestrial/12279,ObservedVariableTerrestrial,12279,Reservoir storage
http://codes.wmo.int/wmdr/ObservedVariableTerrestrial/12280,ObservedVariableTerrestrial,12280,Lake volume
http://codes.wmo.int/wmdr/ObservedVariableTerrestrial/12281,ObservedVariableTerrestrial,12281,Suspended sediment discharge
http://codes.wmo.int/wmdr/ObservedVariableTerrestrial/12282,ObservedVariableTerrestrial,12282,Stream index velocity
http://codes.wmo.int/wmdr/ObservedVariableTerrestrial/12283,ObservedVariableTerrestrial,12283,Rock glacier velocity
http://codes.wmo.int/wmdr/ObservedVariableTerrestrial/12322,ObservedVariableTerrestrial,12322,Stream velocity
http://codes.wmo.int/wmdr/ObservedVariableTerrestrial/12323,ObservedVariableTerrestrial,12323,Stream mean velocity
http://codes.wmo.int/wmdr/ObservedVariableTerrestrial/12324,ObservedVariableTerrestrial,12324,Stream surface velocity
http://codes.wmo.int/wmdr/ObservedVariableTerrestrial/12325,ObservedVariableTerrestrial,12325,Water surface slope
http://codes.wmo.int/wmdr/ObservedVariableTerrestrial/12326,ObservedVariableTerrestrial,12326,Schumann Resonances
